"song","tags"
"Broken Just Fine-JP","Singer-Songwriter,Light,Playful,bouncy"
"Nightmares To Dreams-JP","Dark,Worried,Sad,Edgy"
"Sensing A Connection-instr-JP","campy,Cheeky,Comedy,Dramedy"
"Christmas Lights-instr-JP","Cooking,Christmas,Sweet,thanksgiving,Holiday,Lights,Seasonal"
"The Low Lo-JP","Pop,Beat,Positive,Promo"
"I Brought the Drugs-JP","Passion Pit,MGMT"
"Bring It 005-JP","Top 40,Hip Hop,Promo,TV"
"Black Box-JP","Futuristic,Computer,Digital,Robotic"
"Missing You This Christmas-JP","reflective,Soft,Romantic,Holiday"
"Holiday Pop-JP","Fun,Children,Toys,Shopping"
"Country Christmas Blues-JP","Fun,Rocking,Upbeat,Positive"
"Christmas Mornings-JP","Soft,Gentle,Beautiful,Melancholy"
"Blueman Blues-JP","Happy,Positive,Video Games,Science"
"Up and Away-MG-JP","New Home,Shoreline Property,vacation home,Easy Living"
"Touch 003-JP","Romance,Wedding,Love,Etherial"
"Reptillian-JP","Horror,Creepy,Scary,Dark"
"Apple Sauce 001-JP","Comedy,Corny,Happy,Sugary"
"Feeling Good 006-JP","Cute,Indie pop,Quirky,Fun,bouncy,Silly"
"Hopscotch 005-JP","Score,Nostalgia,Innocent,Indie"
"Sphere-JP","space,Atmosphere,Technology"
"Calm During The Storm-JP","Calm,Montage,Lab,trip hop"
"Fruit Cake 001-JP","bouncy,Christmas,Pop,festive,Fun,Holidays"
"Cool Fool-JP","Quirky,Retro,Silly,Minimalist,Funky,wacky"
"Broken 012-JP","Sad,Emo,Gothic,minor key,Electric Guitar,Lonely,Friday Night Lights"
"Chinatown-JP","Modern,Chinese,Pop,Quirky,Traditional,Erhu,mashup,fusion,Asian"
"Little Havana 003-JP","Laid Back,Jungle,Tribal,Sensual,Hypnotic,Tribe"
"Cool Breeze 005-JP","new agey,Earthy,Planet Earth,Smooth,Chill,Relaxed"
"Recess 001-JP","80s,House,Dance,Party,Club,1980s,Fashion,En Vogue,vogueing"
"Halls of Heaven-JP","Ethereal,Epic,80s,1980s,Synths,Melancholic,Emotional,Goth"
"You are a Sneaky One Instr-JP","Indie,Mischievous,Sneaky,Suspicious,Sneaking,Tricky"
"You Little Stinker Instr-JP","Quirky,Reggae,Mischievous,Intriguing,interesting,Cute"
"Major Lasers BE Main-JP","Evil,Menacing,Moving,Haunting,Tough,Rap"
"Be The Range Main-JP","Gangsta,Driving,Menacing,Strong,Proud,Heavy"
"Be Fueling The Flame Main-JP","Epic,Edgy,Powerful,Driving,Confident,Strong"
"All The Way Home 001-JP","upbeat rock,NYC,Hipster,Brooklyn"
"Alpha Dogs-JP","Swung,Driving,Country Rock,Bluesy rock,Classic Rock,Bar"
"Night Club Party-JP","Deep House,Piano,Dance"
"Who We R-instr-JP","Radio,Underscore,Feel Good,Modern"
"Tonight into Forever-JP","Radio,song,Top40,Modern"
"Rise Up 005-JP","Dramatic,Radio,Underscore,realityshow"
"Rise up Bumper 1-JP","Dramatic,Radio,Underscore,realityshow"
"Falling for you 002-JP","Dramatic,Radio,song,realityshow"
"Dont Take Your Light Away-JP","Acoustic,Beautiful,Reminiscent"
"Dont Take Your Light Away Instr-JP","Acoustic,Beautiful,Reminiscent"
"American Roulette 001-JP","bass driven"
"American Roulette Instr-JP","bass driven"
"Friends and Lazers-JP","Party,Club,Dance,Epic"
"Collision Course 002-JP","Intense,Epic,Orchestral,Driving,Battle,Lord of the Rings,battling,War,war monger,WWII,WWI,Game of Thrones"
"Modern Day Warrior-JP","Intense,Epic,Orchestral,Driving,Battle,Lord of the Rings,battling,War,war monger,WWII,WWI,Game of Thrones"
"Climbing Towards Olympus-JP","Intense,Epic,Orchestral,Driving,Battle,Lord of the Rings,battling,War,war monger,WWII,WWI,Game of Thrones"
"Blunder 001-JP","Country,Love,Quirky"
"Like Were Seventeen-JP","Chill,Tropical,Island,Beach"
"Everything Comes Back-JP","Pop,Positive,love happy"
"Vehicles 001-JP","Hip Hop,Comedic,Rap,rb"
"LS Zithering Heights-JP","Nervous,Anxious,Dangerous,Suspenseful,Investigation,dark and creepy,gritty sequence,Detectives,Crime Scene,Killer,Criminal,on the hunt,Tense Moment,Scary,into the unkown,Dark Room,just around the corner,X Files"
"LS Where To-JP","Nervous,Anxious,Dangerous,Suspenseful,Investigation,dark and creepy,gritty sequence,Detectives,Crime Scene,Killer,Criminal,on the hunt,Tense Moment,Scary,into the unkown,Dark Room,just around the corner,X Files"
"Elements-JP","Fun,Party,Epic,Modern"
"LS Sneakers-JP","Nervous,Anxious,Dangerous,Suspenseful,Investigation,dark and creepy,gritty sequence,Detectives,Crime Scene,Killer,Criminal,on the hunt,Tense Moment,Scary,into the unkown,Dark Room,just around the corner,X Files"
"LS Newtral-JP","Nervous,Anxious,Dangerous,Suspenseful,Investigation,dark and creepy,gritty sequence,Detectives,Crime Scene,Killer,Criminal,on the hunt,Tense Moment,Scary,into the unkown,Dark Room,just around the corner,X Files"
"LS Kill In-JP","Nervous,Anxious,Dangerous,Suspenseful,Investigation,dark and creepy,gritty sequence,Detectives,Crime Scene,Killer,Criminal,on the hunt,Tense Moment,Scary,into the unkown,Dark Room,just around the corner,X Files"
"LS Dysphoria-JP","Nervous,Anxious,Dangerous,Suspenseful,Investigation,dark and creepy,gritty sequence,Detectives,Crime Scene,Killer,Criminal,on the hunt,Tense Moment,Scary,into the unkown,Dark Room,just around the corner,X Files"
"LS Dis Chord-JP","Nervous,Anxious,Dangerous,Suspenseful,Investigation,dark and creepy,gritty sequence,Detectives,Crime Scene,Killer,Criminal,on the hunt,Tense Moment,Scary,into the unkown,Dark Room,just around the corner,X Files"
"LS Cloak and Danger-JP","Nervous,Anxious,Dangerous,Suspenseful,Investigation,dark and creepy,gritty sequence,Detectives,Crime Scene,Killer,Criminal,on the hunt,Tense Moment,Scary,into the unkown,Dark Room,just around the corner,X Files"
"Here Comes Trouble-JP","Dramedy,Mischievous,Playful,Urban,Silly,Real Housewives,Atlanta,Impending Doom,Danger,Aggressive,Dramatic,Death,Running,Horror,Murder"
"Concerned Investigator-JP","Criminal,american crime story,Tense,Determined,Suspenseful,Investigative"
"The Magic Funk-JP","Disco,Retro,Funky,Funk,Throwback,70s"
"Thunder Wind-JP","Dreamy,Synth Pop,Electronic,electro,bouncy,Poppy"
"Hip Hop Reality 10-JP","Mischievous,Playful,Trouble,Light"
"Jazzy Yazz Jazz-JP","Cafe,jazz,Jazz Club,Relaxing,Rainy,Rainy day,Mellow,Woody Allen"
"Octagon Cage-JP","UFC,Rough,Tough,Brutal,MMA,Fighting"
"Blues 1-JP","Bar,Southern,Deep South,Bluesy,Blues,Louisiana"
"Jumping Back In-JP","Throwback,70s,Funk,Funky,Retro,Detective,Spy"
"Provoke-JP","aggravate,enrage,Anger,irk"
"Passive Aggression-JP","Hostile,Violent,Attack,Forceful"
"Old Money-JP","Thinking,Reflection,Sentimental,Worried"
"Grind Mode 001-JP","Intimate,Working,focused"
"Twas The Night Before-JP","Light,Sneaky,Comedy,Holidays,Funny,Comic"
"Jingle Me Baby-JP","Light,Sneaky,Comedy,Holidays,Funny,Comic"
"Christmas Housewives-JP","Quirky,Holidays,Sneaky,Funny,Silly,Comedy"
"Battering Ram-JP","Exciting,Driving,TruTV,Upbeat,pumped,Extreme"
"Tell Me Usher Type-JP","sexy smooth urban rnb modern"
"Poison 003-JP","soulful hiphop feel good sexy smooth"
"Dynamite 004-JP","feel good happy"
"Rubix Cube-JP","hiphop strings classic epic"
"Dont Get in My Way-JP","hardcore hiphop gangsta new york east coast"
"Saints of Darkness-JP","Death Metal,Intense,Aggressive,Hard"
"Inferno 005-JP","Party,Dance,70's,Fun"
"Dance the Clouds Away-JP","Fun,Happy,Light,bouncy"
"Soul Patrolla-JP","AfroBeat,Carnival,Dancehall,riddim,Hot,Sexy"
"Rockin On Them Jiggas-JP","Streets,Strip Club,bando,Dirty South,Trap,Tough"
"Dubstep To This-JP","Sports,Wobble,Gritty,Fight,Intense,Extreme"
"Dont Spill The Mustard-JP","Mellow,Club,Streets,Chill,Bollywood,Middle Eastern,Indian"
"A Trusted Brand-JP","Downtempo,Chill,Lounge,Bollywood,Sexy,Sensual"
"Crash Barrier-JP","Exciting,Driving,TruTV,Upbeat,pumped,Extreme"
"The Come Up-JP","Scheme,plot,working hard,Determined"
"My Quickest Route-MG-JP","upbeat groovy,on the hunt,House Hunting,Beachfront Bargain,renovation,HGTV,New Home,remodeling,groovy reality"
"So Long Summer-MG-JP","Celebration,Happy Ending,Success,house remodel,Beachfront Bargain Hunt,Happy Day,Summer Vacation"
"LL Single Tear-JP","active moment,drama bed,Investigation,Detectives,on the hunt,Dramatic Moment,Loss,Tragic,Criminal Investigation,Argument,Confrontation,Hurt"
"Out of Sticks-MG-JP","upbeat groovy,on the hunt,House Hunting,Beachfront Bargain,renovation,HGTV,New Home,remodeling,groovy reality"
"LL Wheels in Motion-JP","active moment,drama bed,Investigation,Detectives,on the hunt,Dramatic Moment,Loss,Tragic,Criminal Investigation,Argument,Confrontation,Hurt"
"LL Wait and Watch-JP","active moment,drama bed,Investigation,Detectives,on the hunt,Dramatic Moment,Loss,Tragic,Criminal Investigation,Argument,Confrontation,Hurt"
"LL Time Out-JP","active moment,drama bed,Investigation,Detectives,on the hunt,Dramatic Moment,Loss,Tragic,Criminal Investigation,Argument,Confrontation,Hurt"
"LL Thoughful Prayer-JP","active moment,drama bed,Investigation,Detectives,on the hunt,Dramatic Moment,Loss,Tragic,Criminal Investigation,Argument,Confrontation,Hurt"
"LL The Feud-JP","active moment,drama bed,Investigation,Detectives,on the hunt,Dramatic Moment,Badass,Action sequence,Criminal Investigation,Argument,Confrontation,Hurt,Adrenaline,Powerful"
"LL Staring Match-JP","active moment,drama bed,Investigation,Detectives,on the hunt,Dramatic Moment,Loss,Tragic,Criminal Investigation,Argument,Confrontation,Hurt,Trap,Badass,Action sequence"
"LL Standing Aside-JP","active moment,drama bed,Investigation,Detectives,on the hunt,Dramatic Moment,Loss,Tragic,Criminal Investigation,Argument,Confrontation,Hurt"
"LL Stand Your Ground-JP","active moment,drama bed,Investigation,Detectives,on the hunt,Dramatic Moment,Loss,Tragic,Criminal Investigation,Argument,Confrontation,Hurt"
"South Of The Border 001-JP","Zesty,Spicy,Salsa,Mexican,Latin,Pop,Vacation,frisky,Latin American"
"Drones Build Tension-JP","CSI,Law and Order,SVU,NCIS,american crime story,Intense,Nervous,Crime Scene,criminal minds"
"LL Stand Together-JP","active moment,drama bed,Investigation,Detectives,on the hunt,Dramatic Moment,Loss,Tragic,Criminal Investigation,Argument,Confrontation,Hurt"
"LL Secrets Revealed-JP","active moment,drama bed,Investigation,Detectives,on the hunt,Dramatic Moment,Loss,Tragic,Criminal Investigation,Argument,Confrontation,Hurt"
"Captain Hammerhead-MG-JP","upbeat groovy,on the hunt,House Hunting,Beachfront Bargain,renovation,HGTV,New Home,remodeling,groovy reality"
"LL Search Inside-JP","active moment,drama bed,Investigation,Detectives,on the hunt,Dramatic Moment,Loss,Tragic,Criminal Investigation,Argument,Confrontation,Hurt"
"LL Rivalry-JP","active moment,drama bed,Investigation,Detectives,on the hunt,Dramatic Moment,Loss,Tragic,Criminal Investigation,Argument,Confrontation,Hurt"
"LL Play Your Cards-JP","active moment,drama bed,Investigation,Detectives,on the hunt,Dramatic Moment,Loss,Tragic,Criminal Investigation,Argument,Confrontation,Hurt"
"LL Just An Observation-JP","active moment,drama bed,Investigation,Detectives,on the hunt,Dramatic Moment,Loss,Tragic,Criminal Investigation,Argument,Confrontation,Hurt"
"LL Heart Searching-JP","active moment,drama bed,Investigation,Detectives,on the hunt,Dramatic Moment,Loss,Tragic,Criminal Investigation,Argument,Confrontation,Hurt"
"LL Finding Peace-JP","active moment,drama bed,Investigation,Detectives,on the hunt,Dramatic Moment,Loss,Tragic,Criminal Investigation,Argument,Confrontation,Hurt"
"LL Feeling The Pressure-JP","active moment,drama bed,Investigation,Detectives,on the hunt,Dramatic Moment,Loss,Tragic,Criminal Investigation,Argument,Confrontation,Hurt"
"LL Facing Up-JP","active moment,drama bed,Investigation,Detectives,on the hunt,Dramatic Moment,Loss,Tragic,Criminal Investigation,Argument,Confrontation,Hurt,bold and dramatic,Action sequence,Syfy,Science Fiction,bold synths"
"LL Eyes Fixed-JP","active moment,drama bed,Investigation,Detectives,on the hunt,Dramatic Moment,Loss,Tragic,Criminal Investigation,Argument,Confrontation,Hurt"
"LL Decisions Decisions-JP","active moment,drama bed,Investigation,Detectives,on the hunt,Dramatic Moment,Loss,Tragic,Criminal Investigation,Argument,Confrontation,Hurt"
"LL Cutting Your Teeth-JP","active moment,drama bed,Investigation,Detectives,on the hunt,Dramatic Moment,Loss,Tragic,Criminal Investigation,Argument,Confrontation,Hurt,Trouble Brewing"
"LL Comforting Soul-JP","active moment,drama bed,Falling in Love,Relationship,Romantic,Lovers,Loss,getting together,longing"
"LL Yonder Mountain-JP","Bluegrass,classic americana,Midwest,Appalachian,Small Town,Rustic,Organic,old timey,American Roots,cowboy life,plucky acoustic,Carefree"
"LL Southern Draw-JP","Bluegrass,classic americana,Midwest,Appalachian,Small Town,Rustic,Organic,old timey,American Roots,cowboy life,plucky acoustic,Carefree"
"LL Simple Life V2-JP","Bluegrass,classic americana,Midwest,Appalachian,Small Town,Rustic,Organic,old timey,American Roots,cowboy life,plucky acoustic,Carefree"
"LL Mountain Trail-JP","Bluegrass,classic americana,Midwest,Appalachian,Small Town,Rustic,Organic,old timey,American Roots,cowboy life,plucky acoustic,Carefree"
"LL Mountain Music-JP","Bluegrass,classic americana,Midwest,Appalachian,Small Town,Rustic,Organic,old timey,American Roots,cowboy life,plucky acoustic,Carefree"
"LL Moody Moon v2-JP","Bluegrass,classic americana,Midwest,Appalachian,Small Town,Rustic,Organic,old timey,American Roots,cowboy life,plucky acoustic,Carefree"
"LL Grass Swamp-JP","Bluegrass,classic americana,Midwest,Appalachian,Small Town,Rustic,Organic,old timey,American Roots,cowboy life,plucky acoustic,Carefree"
"LL Getting Dirty v2-JP","Bluegrass,classic americana,Midwest,Appalachian,Small Town,Rustic,Organic,old timey,American Roots,cowboy life,plucky acoustic,Carefree"
"LL Cumberland Gap-JP","Bluegrass,classic americana,Midwest,Appalachian,Small Town,Rustic,Organic,old timey,American Roots,cowboy life,plucky acoustic,Carefree"
"LL Bluegrass Breakdown V2-JP","Bluegrass,classic americana,Midwest,Appalachian,Small Town,Rustic,Organic,old timey,American Roots,cowboy life,plucky acoustic,Carefree"
"Got More Things-MG-JP","Tough Guys,biker music,Happy Go Lucky,rough and tumble,fun but tough,out on the hunt"
"Hello 003-JP","Smooth,Sexy,Grooving,Cool,Chill,Laid Back,flirting,flirty"
"Try Harder 002-JP","institucional,inspirador,Crescendo,Rock,Pop,Positive"
"Transparent Softness-JP","Lonely,triste,emocional,Classical,Film Soundtrack,Melancholic"
"Tell Me Your History-JP","superacao,Motivacional,institucional,Classical,Orchestral,Sentimental"
"Like a Child 001-JP","emocional,Crescendo,superacao,Classical,Orchestral,Sentimental"
"Happy World 002-JP","BRAZIL,escola de samba,World Cup,Latin,Brazilian,Happy"
"Duality-JP","Crescendo,Otimista,institucional,Rock,Pop,Positive"
"Clap Rock-JP","Indie Rock,Hipster,Fun,Rock,Indie,Happy"
"Carioca-JP","Funk,Blues,Futebol,Rock,Acoustic,Positive"
"Bollywood Dream 001-JP","Indie pop,Hipster,Danca do Ventre,Rock,Pop,Happy"
"Afternoon 001-JP","Fun,Good Times,Disney Channel,Rock,Pop,Happy"
"War Command-JP","Trailer,Marvel,batalha,Classical,Film Soundtrack,Aggressive"
"Unforgettable Facts-JP","tenso,Crescendo,Acao,Classical,Film Soundtrack,Aggressive"
"Tribal Energy-JP","artes marciais,Suspense,Japan,World,Asian,reflective"
"The Ultimate Conquest-JP","Action,Trailer,Marvel,Orchestral,Contemporary,Aggressive"
"Stranger Fellings-JP","Experimental,Crescendo,Adidas,Electronica,Dub step,reflective"
"Reverse Time-JP","Love,emocional,high school musicial,Pop,Teen,Sentimental"
"Minimal Memories-JP","Club Dance,Car,electro,Electronica,House,Positive"
"Heavy Dust-JP","Nike,Vinheta,futurista,Electronica,Dub step,Positive"
"Early Night-JP","Apple,Crescendo,Dub step,Orchestral,Contemporary,Positive"
"Downhill-JP","abertura,ESPN,NASCAR,Electronica,Experimental,reflective"
"Dark Necessities-JP","Dark,Nike,Adidas,Electronica,Dub step,reflective"
"Bigger Then Us-JP","Crescendo,emocional,Inception,Orchestral,Contemporary,Positive"
"Metal X-JP","ESPN,Guitar Hero,UFC,Rock,Metal,Positive"
"Summer Cruisin Full-JP","youthful,Young,Teen,Playful,Bubbly,bouncy"
"Friday With My Besties Full-JP","Trap,Upbeat,Exciting,Energetic,Tough,Proud"
"Sparse Angelic Guitar-JP","intruiging,Mysterious,Light,Angelic,Emotive,hopeful,Romantic,First Kiss"
"Pretty Drama Harp-JP","Angelic,moody,atmospheric,Mysterious,Mystery,Asian,Ancient,Tension,Far East"
"Extreme Action Rock-JP","Driving,Exciting,Energetic,synth driven,driven,Car Commercial,Fast,Fast Car"
"The Nameless City Minimalist Score-JP","Minimalism,Minimalist,Modern,Orchestral,Building,hopeful"
"The Art of Horror Cyber-JP","Halloween,Scary,Horror,Terror,Spooky,Soundscape"
"The Art of Horror Swarm-JP","Halloween,Scary,Horror,Terror,Spooky,Soundscape"
"The Art of Horror Scratches-JP","Halloween,Scary,Horror,Terror,Spooky,Soundscape"
"The Art of Horror Nursery-JP","Halloween,Scary,Horror,Terror,Spooky,Soundscape,music box,Nursery,Haunted"
"Lovers Gumbo-instr-JP","Sexy,Laid Back,Smooth,baller,Chill,Relaxed"
"Epic Instr-JP","Battle"
"Dry Diggins Instr-JP","Western Blues"
"S‚Äèir Swing A Lot Instr-JP","Electro Swing"
"Sweet Swing Instr Alt-JP","Electro Swing"
"Sweet Swing Instr-JP","Electro Swing"
"The Champ Enters-JP","Tonight's Challenge,faceoff,Tension,Light Tension,Strut,Swagger"
"Addicted To Winning-JP","Tonight's Challenge,faceoff,Tension,Light Tension,Strut,Swagger"
"The Blues Is Rocking-JP","Swagger,Strut,Proud,Bluesy,Blues,Rock"
"Keep Winning-JP","Tonight's Challenge,faceoff,Tension,Light Tension,Strut,Swagger"
"The View From Above-JP","frozen,icy,Snowy,Snow,Winter,frosted,Melancholic,Beautiful,Poignant,Planet Earth,Blue Planet,glistening,Shimmering"
"Run Up Instr-JP","Heavy,Tense,Badass,Trap,Tough,Ghetto,Gangsta"
"Urban Warriors-JP","Proud,stomping,percussive,Urban,Modern,Hip Hop"
"On The Down Low-JP","Swagger,Strut,Sexy,Smooth,Chill,Laid Back"
"Grab and Go-MG-JP","upbeat groovy,on the hunt,House Hunting,Beachfront Bargain,renovation,HGTV,New Home,remodeling,groovy reality"
"Best Sellers-MG-JP","Tough Guys,biker music,Happy Go Lucky,rough and tumble,fun but tough,out on the hunt"
"Summer of Sun-MG-JP","Celebration,Happy Ending,Success,house remodel,Beachfront Bargain Hunt,Happy Day,Summer Vacation"
"Save That Money-MG-JP","Tough Guys,biker music,Happy Go Lucky,rough and tumble,fun but tough,out on the hunt"
"Best I Ever Had-MG-JP","Tough Guys,biker music,Happy Go Lucky,rough and tumble,fun but tough,out on the hunt"
"Ectoplasm-JP","Deep,Club,Dance,2AM"
"When Day is Done-JP","Mysterious,Romantic,Hopeless romantic,Film Noir,Noir,Nostalgic,longing,Romance"
"Sleepless Night-JP","Mysterious,Lurking,Ominous,Mystery,Murder Mystery,Crime,Murder,Noir,Film Noir"
"Mysterious Tribal Music-JP","Mysterious,Lurking,Ominous,Mystery,Murder Mystery,Crime,Murder,Horror,Tribal,Twin Peaks"
"Italian Love Affair 001-JP","Romantic,Lilting,Whimsical,Heartfelt,Love,In love,Romance,Yearning"
"Gentleness-JP","Love,Romantic,Mysterious,Mystery,Gentle,Relaxed,Twin Peaks"
"Exotic Nature-JP","Mysterious,Lurking,Ominous,Mystery,Murder Mystery,Crime,Murder,Horror"
"Did You Ever See a Lassie Short-JP","Mysterious,Lurking,Ominous,Mystery,Murder Mystery,Crime,Murder,Horror"
"Dark Closet-JP","Mysterious,Lurking,Ominous,Mystery,Murder Mystery,Crime,Murder,Horror"
"A Nightmare Lullaby-JP","Mysterious,Lurking,Ominous,Mystery,Murder Mystery,Crime,Murder,Horror"
"The Punk Express-JP","Driving,Upbeat,Tough,Proud,Strong,Punk"
"Pop Punk 001-JP","Upbeat,Exciting,BBQ,Fun,Pop Punk,Teen"
"Action in Minor-JP","Latin Pop,Upbeat,bouncy,Bubbly,Fun,Funky"
"Witness to the Unexplained-JP","Paranormal,Strange,Scary,Spooky,american crime story,Tense"
"Romance Hop-JP","Sexy,Laid Back,Sensual,Smooth,Proud,baller,Chill"
"Nightlight-JP","atmospheric,Nighttime,Sensual,reflective,Sexy,Night"
"Hanks Country Christmas-JP","Honky Tonk,Saloon,Xmas,Christmas,Country,Holidays"
"Dream Groove-JP","Sexy,porno,Porn,Laid Back,Relaxed,Sensual,Groovy"
"Soaking Up Sunshine-JP","folky,folk,Folksy,Laid Back,Relaxed,Mellow,60s,60s folk pop,Smooth"
"Hearts Will Mend-JP","folky,folk,Folksy,Laid Back,Relaxed,Mellow,60s,60s folk pop,Smooth"
"Blue and Amber Flame-JP","folky,folk,Folksy,Laid Back,Relaxed,Mellow,60s,60s folk pop,Smooth"
"Baila Querida-MG-JP","honduras,central americano,hondurian,Vacation,Paradise,Tropical Vacation"
"Neon Coral Revised v2-MG-JP","beach bargain hunt,beachfront,venice ca,Carefree,Fun in the Sun,beach bikers,upbeat fun,Paradise,Vacation"
"Say-JP","Pop,Dance,Love"
"Invincible 006-JP","Pop,Dance,Boy Band,Love"
"Buen Negocio-MG-JP","honduras,central americano,hondurian,Vacation,Paradise,Tropical Vacation"
"Better Than Me-JP","Pop,RnB,Soulful,Love"
"Drug-JP","Pop,Dance,Electronic,edm"
"Live Forever 2-JP","Hip-Hop,Rap,Pop,Horror"
"Walk The Walk 006-JP","Tension,the people vs oj simpson,american crime story,Tense,Nervous,Worried"
"Into The Storm-JP","Tension,the people vs oj simpson,american crime story,Tense,Nervous,Worried"
"Bold Moves 002-JP","Tension,Urban,Nervous,Anxious,Waiting,Tense,Real Housewives,Atlanta"
"Bittersweet Full-JP","Laid Back,Chill,Smooth,R&B,Cool,baller"
"Just Like Me Full-JP","Laid Back,Chill,Smooth,R&B,Cool,baller"
"Again, Again-MG-JP","beach bargain hunt,beachfront,venice ca,Carefree,Fun in the Sun,beach bikers,upbeat fun,Paradise,Vacation"
"High Confidence-JP","Tense,Tension,troubling revelation,gone wrong,secrets revealed,Anxious,Nervous,Quirky Tension"
"Far Away Home-MG-JP","Celebration,Carefree,Pop Rock,Inspiring,Optimistic,hopeful,new house,Beachfront Bargain,what a deal,great savings,beautiful location,Tropical Paradise,Summer Sun,Thankful,Finale"
"Get On Home-MG-JP","Celebration,Carefree,Pop Rock,Inspiring,Optimistic,hopeful,new house,Beachfront Bargain,what a deal,great savings,beautiful location,Tropical Paradise,Summer Sun,Thankful,Finale"
"Plants-MG-JP","beach bargain hunt,beachfront,venice ca,Carefree,Fun in the Sun,beach bikers,upbeat fun,Paradise,Vacation"
"Hide Out-MG-JP","shoreline tension,Tense Moment,going wrong,Troubled,problems brewing,Anxiety,Worried,high prices"
"Sneaky Ds-MG-JP","shoreline tension,Tense Moment,going wrong,Troubled,problems brewing,Anxiety,Worried,high prices"
"Skared To Dance-MG-JP","upbeat rock,beachy fun,Fun in the Sun,Paradise,having a ball,playful day,Celebration,Happy Ending"
"Smoke Em Up-MG-JP","upbeat rock,beachy fun,Fun in the Sun,Paradise,having a ball,playful day,Celebration,Happy Ending"
"What It Means-MG-JP","Celebration,Carefree,Pop Rock,Inspiring,Optimistic,hopeful,new house,Beachfront Bargain,what a deal,great savings,beautiful location,Tropical Paradise,Summer Sun,Thankful,Finale"
"Robotics Invento_r3-JP","Cute,Family,Fun,Robots"
"Vice Challenged V2-JP","pop edm,happy electronica,Fashion Week,Fashionable,Fashion show,Catwalk,super models,Project Runway,Glamorous,Dance Pop,cool night club,hot and sweaty pop,mainstage edm,ultra music,tomorrowland festival"
"Sticky Sunday_V2-MG-JP","beach bargain hunt,beachfront,venice ca,Carefree,Fun in the Sun,beach bikers,upbeat fun,Paradise,Vacation"
"Hip Hop Spa-JP","Hypnotizing,Hypnotic,Spa,Massage,therapy,Hip Hop,Asian,Eastern,therapeutic,Sexy,the people v oj simpson"
"Game Time Swagger-JP","Dope,Swagger,Strut,Proud,baller,Dope Beat"
"Dope Baller-JP","Proud,Swagger,Strut,Dope,baller,stepping out"
"Cheating Fate-JP","Tense,Tension,troubling revelation,gone wrong,secrets revealed,Anxious,Nervous,Quirky Tension"
"Las Olas remix-MG-JP","honduras,central americano,hondurian,Vacation,Paradise,Tropical Vacation"
"County Fair-Instr-JP","Country,Upbeat,Hick,hill billy,Hillbilly,Backwoods"
"Goin For It-MG-JP","beach bargain hunt,beachfront,venice ca,Carefree,Fun in the Sun,beach bikers,upbeat fun,Paradise,Vacation"
"Indie and Proud V2-MG-JP","upbeat rock,beachy fun,Fun in the Sun,Paradise,having a ball,playful day,Celebration,Happy Ending"
"Stained Glass-JP","Proud,Driving,Swagger,Strut,Bluesy,Indie Blues"
"Remarks-JP","Gospel,Blues,Proud,Happy,Triumphant,Upbeat"
"Rear End-JP","Retro,Blues Rock,Indie Blues,Strut,Proud,Swagger"
"Not With Me-JP","Driving,Hard,Tough,Exciting,Energetic"
"Dry Valley-JP","Bar,Smoky,Bluesy,Raunchy,Motorcycles,Country"
"Decent Remains-JP","Tense,percussive,Mysterious,Crime,Techy,Dark"
"Incognito 002-JP","Spy,Detective,Retro,Funky,Undercover,Private Eye,007,Mission Impossible"
"Hook Me Up-JP","Funky,Funk,Jammy,Jam,Upbeat,Jam Band"
"Getting Around 001-JP","Chill,Relaxed,Funky,Funk,Lively,Saturday Night Live"
"Forever 006-JP","60s,70s,Smooth,Soul,Motown,Classics,Sensual"
"Boulevard of Funk-JP","Late Night,Talk Show,Flashy,Horns,Funky,Funk"
"Bottleneck 001-JP","Funky,fix it,How Stuff Works,Funk,Driving,Determined"
"3030 Origins-JP","Americana,American,Blues,introspective,Pensive,hopeful"
"We Do Not Live In Fear Instr-JP","Quiet,reflective,folk,Gentle,Reflecting,introspective"
"No Simple Truths Instr-JP","Quick,Upbeat,Moving forward,Train,Determined,Driving"
"Mulholland-JP","mulholland drive,David Lynch,Noir,moody,Dark,Night"
"New Stars-JP","80s,Uplifting,Bright,Positive,hopeful,Inspired,Synth,Momentous"
"Hard Fighter-JP","Upbeat,Positive,Loud,Energetic,Tough,Hard Working"
"From the Ground Up 003-JP","Light,Uplifting,Bright,Triumphant,hopeful,reflective"
"Ego Fight-JP","Exciting,Energetic,American,Proud,Upbeat,Determined"
"Bar Room Blues-JP","Lively,Upbeat,Fun,Rousing,Americana,stomping,Bluegrass"
"Avenue Five-JP","five four. odd meter,Swing,cocktail jazz"
"Back Porch-JP","reflective,Melancholic,Nostalgia,Nostalgic,Sad,Lonely,Memories,Remembering"
"Droppin Jewels-JP","Nobody Speak,Fight,Wild,crazy"
"Tear It Up 003-JP","Trap,turnt,Gangsta,Dark,Heavy,Upset"
"Turn On The Neon-JP","pop edm,happy electronica,Fashion Week,Fashionable,Fashion show,Catwalk,super models,Project Runway,Glamorous,Dance Pop,cool night club,hot and sweaty pop,mainstage edm,ultra music,tomorrowland festival"
"Thin Ice 002-JP","Tense,Tension,troubling revelation,gone wrong,secrets revealed,Anxious,Nervous,Quirky Tension"
"More Than Right Instr-JP","Ambient,Melancholic,Upbeat,Relaxing,Calm,cable access tv"
"Indian Summer Instr-JP","Happy,Upbeat,Triumphant,Relaxing,Calm,Feel Good"
"Down With That Instr-JP","Happy,Upbeat,Determined,Travel,Laid Back,Spanish Guitar"
"Devil May Care-JP","Tense,Tension,troubling revelation,gone wrong,secrets revealed,Anxious,Nervous,Quirky Tension"
"No Boundaries-JP","pop edm,happy electronica,Fashion Week,Fashionable,Fashion show,Catwalk,super models,Project Runway,Glamorous,Dance Pop,cool night club,hot and sweaty pop,mainstage edm,ultra music,tomorrowland festival"
"Mr. Hollowhead-JP","pop edm,happy electronica,Fashion Week,Fashionable,Fashion show,Catwalk,super models,Project Runway,Glamorous,Dance Pop,cool night club,hot and sweaty pop,mainstage edm,ultra music,tomorrowland festival"
"Flight of the Mermaid Slow-JP","french,hot club,Gypsy Jazz,Classical"
"Flight of the Mermaid Fast-JP","french,hot club,Gypsy Jazz,Classical"
"Turning the Screw-JP","Tense,Tension,troubling revelation,gone wrong,secrets revealed,Anxious,Nervous,Quirky Tension"
"Ready for Launch-JP","Driving,Determined,Techy,Technology,techological,Edgy,Winning,Winner,tenacity,driven"
"Superior 001-JP","Driving,80s,90s,Car Commercial,funk elements,Determined"
"Sonrisa Tuya-MG-JP","honduras,central americano,hondurian,Vacation,Paradise,Tropical Vacation"
"Where Youre-JP","Robotic,80s,Synth,Cheesy,Synthesizers,electro,Retro"
"It A Wonderful Day-JP","Robotic,80s,Synth,Cheesy,Synthesizers,electro,Retro"
"Funky Robot-JP","80s,Retro,Techno,Funky,Electronica,Synth,Robot,Robotic"
"Homie Army City-JP","Fun,Energetic,Silly,Party"
"Fire In The Hole 001-JP","Driving,Energetic,Bluesy,Tough,Determined,Blues Rock"
"The Funkin Low Down-JP","Funky,southern funk,blues funk,Nu Metal,mashup,fusion"
"Bombs Away 004-JP","American,Proud,Wild,80s,1980s,Rock"
"Stone Cold Sober-JP","Indie,Rock,folk,Heartfelt,Spiritual,Indie Rock"
"Melancholy Folk-JP","Acoustic Folk,Laid Back,Organic,Gentle,warm,Family"
"Lazy Louisiana Afternoon-JP","Rootsy,Bluesy,Blues,Southern,American,Roots,Louisiana,Deep South,Swamp,stomping"
"Atlantis Bound-JP","Anthemic,Inspirational,Epic,Build Up"
"Easy Does It Master-JP","Chill,Chillwave,Relaxed,Smooth,Elevator,hold music"
"The Start Up 001-JP","808,Trap,Dirty South,Tough,Street,Gangsta"
"The Horror 003-JP","808,Trap,Dirty South,Tough,Street,Gangsta"
"Switch Sides-JP","808,Trap,Dirty South,Tough,Street,Gangsta"
"Boogie Bounce-JP","Trap,808,Rap,Urban,Tough,Dirty South"
"Bag Of Nuts-JP","Trap,808,Rap,Urban,Serious,Tough,Conflict"
"Give Me the Run Around v2-JP","pop edm,happy electronica,Fashion Week,Fashionable,Fashion show,Catwalk,super models,Project Runway,Glamorous,Dance Pop,cool night club,hot and sweaty pop,mainstage edm,ultra music,tomorrowland festival"
"EH_Eagle Festival_Travel to Festival v2-JP","eagle huntress,aisholpan,first female eagle hunter,kazakh family,Traditional,pinnacle of hunting,mongolian steppe,on the hunt,eagles ready,breaktaking,Awe Inspiring,Big Moment,Brazen,epic narrative,Chase Sequence"
"EH_Eagle Festival_Travel to Festival v2 Perc-JP","eagle huntress,aisholpan,first female eagle hunter,kazakh family,Traditional,pinnacle of hunting,mongolian steppe,on the hunt,eagles ready,breaktaking,Awe Inspiring,Big Moment,Brazen,epic narrative,Chase Sequence"
"EH_Eagle Festival_Travel to Festival v2 No Perc-JP","eagle huntress,aisholpan,first female eagle hunter,kazakh family,Traditional,pinnacle of hunting,mongolian steppe,on the hunt,eagles ready,breaktaking,Awe Inspiring,Big Moment,Brazen,epic narrative,Chase Sequence"
"EH_Eagle Festival_Travel to Festival v2 Strings-JP","eagle huntress,aisholpan,first female eagle hunter,kazakh family,Traditional,pinnacle of hunting,mongolian steppe,on the hunt,eagles ready,breaktaking,Awe Inspiring,Big Moment,Brazen,epic narrative,Chase Sequence"
"EH_Eagle Festival_Travel to Festival v2 Leads Atmos-JP","eagle huntress,aisholpan,first female eagle hunter,kazakh family,Traditional,pinnacle of hunting,mongolian steppe,on the hunt,eagles ready,breaktaking,Awe Inspiring,Big Moment,Brazen,epic narrative,Chase Sequence"
"EH_Eagle Festival_Travel to Festival Woodwinds-JP","eagle huntress,aisholpan,first female eagle hunter,kazakh family,Traditional,pinnacle of hunting,mongolian steppe,on the hunt,eagles ready,breaktaking,Awe Inspiring,Big Moment,Brazen,epic narrative,Chase Sequence"
"EH_Eagle Festival_Travel to Festival Mix-JP","eagle huntress,aisholpan,first female eagle hunter,kazakh family,Traditional,pinnacle of hunting,mongolian steppe,on the hunt,eagles ready,breaktaking,Awe Inspiring,Big Moment,Brazen,epic narrative,Chase Sequence"
"EH_Eagle Festival_Aisholpan's Outfit 001-JP","eagle huntress,aisholpan,first female eagle hunter,kazakh family,Traditional,pinnacle of hunting,mongolian steppe,on the hunt,eagles ready,breaktaking,Awe Inspiring,Big Moment,Brazen,epic narrative,Chase Sequence"
"EH_Eagle Festival_Aisholpan's Outfit v2 Mix-JP","eagle huntress,aisholpan,first female eagle hunter,kazakh family,Traditional,pinnacle of hunting,mongolian steppe,on the hunt,eagles ready,breaktaking,Awe Inspiring,Big Moment,Brazen,epic narrative,Chase Sequence"
"EH_Preparing for Festival Mix-JP","eagle huntress,aisholpan,first female eagle hunter,kazakh family,Traditional,pinnacle of hunting,mongolian steppe,on the hunt,eagles ready,breaktaking,Awe Inspiring,Big Moment,Brazen,epic narrative,Chase Sequence"
"EH_Eagle Festival_Setting the Stage v2-JP","eagle huntress,aisholpan,first female eagle hunter,kazakh family,Traditional,pinnacle of hunting,mongolian steppe,on the hunt,eagles ready,breaktaking,Awe Inspiring,Big Moment,Brazen,epic narrative,Chase Sequence"
"EH_Open_Eagle Sacrifice Mix-JP","eagle huntress,aisholpan,first female eagle hunter,kazakh family,Traditional,pinnacle of hunting,mongolian steppe,on the hunt,eagles ready,breaktaking,Awe Inspiring,Big Moment,Brazen,epic narrative,Chase Sequence"
"EH_Open_Opening Shot Mix-JP","eagle huntress,aisholpan,first female eagle hunter,kazakh family,Traditional,pinnacle of hunting,mongolian steppe,on the hunt,eagles ready,breaktaking,Awe Inspiring,Big Moment,Brazen,epic narrative,Chase Sequence"
"Penguins vs Donkeys V2-JP","playful animals,Fun in the Sun,Summer Sun,rough housing,explore the zoo,curious critters"
"Anticipated Reaction V2-JP","Falling in Love,Beautiful,Thankful,acoustic harmony,loving relationship,safe and warm,happy animals"
"Looking Upwards V2-JP","Falling in Love,Beautiful,Thankful,acoustic harmony,loving relationship,safe and warm,happy animals"
"Tick Tock Invento-JP","Deliberation,Tension,Build,Decision"
"Robotics Invento-JP","Energetic,Fun,Happy,Robots"
"Midnight Rain-JP","Soft,Love,Downtempo,IDM,Smooth,Relaxing"
"Reunion 003-JP","Meditative,Ambient,Slow Motion,Depressed,atmospheric,Outer Space"
"Comedown-JP","Ambient,Sad,Melancholy,Lonely,alone,Pensive,introspective,Ethereal,Depressed"
"Burial 001-JP","Dark,Mysterious,Soundscape,Atmosphere,Unsettling,Nervous"
"Nebula 003-JP","space,Floating,suspended,Atmosphere,Outer Space,Ambient"
"Mischief Lounge-JP","Bassoon,Lounge,Comedy,Cute,Silly,Detective,Retro,Cartoon,Esquivel,Undercover Boss,Real Housewives,30 Rock,Latin Beat,Latin"
"Fun Comedy Mischievous Track-JP","Fun,Dramedy,Cute,Sneaky,Tricky,Practical Joke,Real Housewives,Undercover Boss,kardasians"
"Reggae You-JP","Phones,tablets,Computers,App,Video Game,Cute,Playful,Light,Bubbly"
"Natures Way-JP","Nature,Uplifting,Laid Back,Calm,Soothing,Natural,Feel Good,Moving,ChillOut,Downtempo,Ninjatune,Ninja Tune,Euphoric,atmospheric,Liquor Commercial,beats,Jazzy,Acid Jazz"
"Sand Dunes-JP","80s,Video Game,Electronic,Synth,Synths,Adventurous"
"Echo Sounder-JP","Groovy,Funky,80s,90s,Fashion,Feel Good"
"Funk N Strum 2-JP","80s,Throwback,Retro,Synths,Playful,Happy"
"Dancing Street Alt 1 2-JP","21st century,Corporate,Advertising,Infomercial,Call Me Maybe,Exciting"
"Roll the Dice Master-JP","build it,how things work,home improvement show,builders,home builders,Road Trip,On the road"
"Eyes Wide Open Full Track 2-JP","Feel Good,Rock,Heartfelt,Corporate,Happy,Overcoming"
"The Lighthouse Duet M 2-JP","Acoustic,Mellow,Nature,documentary,flowing,Calming,Natural"
"Under The Apple Tree Full 2-JP","Laid Back,Outdoors,Happy,Country,Calm,Gentle"
"Two of A Kind full track 2-JP","Two Step,2 Step,Country,Laid Back,Calm,Family,Feel Good"
"Give Me the Run Around-JP","pop edm,happy electronica,Fashion Week,Fashionable,Fashion show,Catwalk,super models,Project Runway,Glamorous,Dance Pop,cool night club,hot and sweaty pop,mainstage edm,ultra music,tomorrowland festival"
"You Sleigh Me-JP","festive,Christmas,Sleigh Ride,Happy,Joyous,Joyful,Choir,Innocent,Holidays,sleigh,children's choir,Wes Anderson,Royal Tennenbaums"
"In Your Own Skin-JP","Party,Fun,Vocal Samples,90s,Club,Hot"
"Big Bad Wolf-JP","Tough,Badass,Bad Ass,Motorcycles,Biker,stunt"
"The Times We Had Master-JP","Smooth,Chill,Sexy,R&B,Relaxed,vibe"
"Surround Me Master-JP","Strut,Club,Hot,Sexy,Flashy,Clubbing"
"Push the Signs Master-JP","Funky,Funk,Groovy,Grooving,smooth funk,Retro"
"Boat of Dreams Master-JP","Chill,Chill Out,Chillwave,Relaxed,Smooth,product demo,L.A.,Los Angeles"
"Bad Girl Master-JP","electro,Pop,Synth Pop,Synthesizers,Energetic,Energy"
"Season Opening Shutout V3-JP","Dark,Gritty,dirty electro,distorted synths,Badass,focused pursuit,Syfy,Science Fiction,fashionable edm,Night Life,Catwalk,Fashion show"
"Two Minds-JP","Clock Ticking,Waiting,Contemplative,restless,Crime,stranger things,Clock"
"Una Noche 001-JP","Bossa Nova,BRAZIL,Romance,Travel,Beach,Relaxed"
"Unknown-JP","Mystery,Sparse,Investigative,Drama,Crime,stranger things"
"Water of Life-JP","Slide Guitar,Serene,Peaceful,Organic,Southern,Country"
"We are One 004-JP","Synth,Guitar driven,driven,Determined,Exciting,Challenge"
"Take the Turnpike-MG-JP","upbeat groovy,on the hunt,House Hunting,Beachfront Bargain,renovation,HGTV,New Home,remodeling,groovy reality bed"
"Girls and Boys 1984 Main-JP","Synthpop,synthwave,outrun,Drive,stranger things,80s"
"Flashdance 1984 Main-JP","Synthpop,synthwave,outrun,Drive,Futuristic,stranger things"
"Drive It Hip Hop Main-JP","Driving,Determined,Brooding,Dark,Serious,Bristol"
"West Coasting With Me-JP","West Coast,Hip Hop,Cool,Chill,Swagger,Street,Old School,Dramedy,Gangsta,Vocoder"
"Flip it to the West Side-JP","West Coast,Hip Hop,Cool,Chill,Swagger,Street,Old School,Dramedy,Gangsta"
"Scary Urban Thought-JP","Worried,Anxious,Ghetto,Gangster,Gangsta,Trap"
"Hurry Up 004-JP","Positive Hip Hop,dreamy hip hop,Light Hearted,Vacation,Plucky,Thankful,Paradise,Quirky Hip Hop"
"Dank Dream BED-JP","Positive Hip Hop,dreamy hip hop,Light Hearted,Vacation,Plucky,Thankful,Paradise,Quirky Hip Hop"
"What Else is There-JP","Spacey,espionnage,Unsolved,Crime,Mystery,Intrigue,stranger things,CSI,american crime story"
"Stranger Danger 001-JP","Suspenseful,Risky,space,Tension,80s,stranger things,Crime"
"Mesmerized 002-JP","Intrigue,Espionage,questioning,Spy,James Bond,007,Mission Impossible,Detective,Chill,Funk"
"Heavy Duty 001-JP","Action,Motivational,Hard,Driving,Tough,Gritty,Extreme Sports,Car Commercial,Film/TV Music,Film Score,Stings,Electronica"
"Atomic 001-JP","Slow,Positive,Heartwarming,Dreamy,Building,moody,Slow Build"
"Da Bang Bang-MG-JP","Celebration,Carefree,Pop Rock,Inspiring,Optimistic,hopeful,new house,Beachfront Bargain,what a deal,great savings,beautiful location,Tropical Paradise,Summer Sun,Thankful,Finale"
"As We Were-MG-JP","Celebration,Carefree,Pop Rock,Inspiring,Optimistic,hopeful,new house,Beachfront Bargain,what a deal,great savings,beautiful location,Tropical Paradise,Summer Sun,Thankful,Finale"
"Fast Time High-JP","Driving,Determined,Upbeat,blues riffs,Cool,Strutting"
"Players Fantasy-JP","Strut,Challenge,Driving,Determined,Upbeat,Strutting"
"Livig it Up-JP","Upbeat,driven,Driving,Fun,Sunny,Summer"
"Crease my Khakis-JP","Sexy,hip hop underscore,geeking out,reality bed,laid back hip hop,classic vibes,west coast funk,Old School Funk,g funk,West Side,hit the pavement dam funk"
"Get Some Answers-MG-JP","upbeat groovy,on the hunt,House Hunting,Beachfront Bargain,renovation,HGTV,New Home,remodeling,groovy reality bed"
"Counting Seastars-MG-JP","upbeat groovy,on the hunt,House Hunting,Beachfront Bargain,renovation,HGTV,New Home,remodeling,groovy reality bed"
"Fun With Fam-MG-JP","Celebration,Carefree,Pop Rock,Inspiring,Optimistic,hopeful,new house,Beachfront Bargain,what a deal,great savings,beautiful location,Tropical Paradise,Summer Sun,Thankful,Finale"
"Walk on Down-MG-JP","upbeat groovy,on the hunt,House Hunting,Beachfront Bargain,renovation,HGTV,New Home,remodeling,groovy reality bed"
"Pretty Face 002-JP","Sassy,Sexy,Rocking,Bluesey"
"Mellostorm-JP","Edgy,Sassy,Dramatic"
"Let It Ride 003-JP","Edgy,Sassy,Dramatic,Epic"
"Falling Down 003-JP","Sassy,Sexy,Rocking,Bluesey"
"Bad Girls-JP","Sleazy,Sassy,Groovy,Retro"
"Anything Cool-MG-JP","upbeat biker rock,Motorcycles,on the hunt,friendly bikers,friendly tough guys,Restoration,Fixer Upper,On the Prowl,Roadtrip,Fun in the Sun,upbeat rock"
"Beachfront Drivethru-MG-JP","Celebration,Carefree,Pop Rock,Inspiring,Optimistic,hopeful,new house,Beachfront Bargain,what a deal,great savings,beautiful location,Tropical Paradise,Summer Sun,Thankful,Finale"
"Monkey Business-MG-JP","Celebration,Carefree,Pop Rock,Inspiring,Optimistic,hopeful,new house,Beachfront Bargain,what a deal,great savings,beautiful location,Tropical Paradise,Summer Sun,Thankful,Finale"
"My Home Is Your Home-MG-JP","upbeat groovy,on the hunt,House Hunting,Beachfront Bargain,renovation,HGTV,New Home,remodeling,groovy reality bed"
"Still Going Strong-MG-JP","Celebration,Carefree,Pop Rock,Inspiring,Optimistic,hopeful,new house,Beachfront Bargain,what a deal,great savings,beautiful location,Tropical Paradise,Summer Sun,Thankful,Finale"
"Meloncholy Melody-JP","Momentous,Emotional,Dramatic,Depressed,80s,Serious"
"Good Vibes 005-JP","Fun,Light,Carefree,Hip Hop,Urban,Upbeat"
"Trap da Hallz-JP","Trap,Holidays,Ghetto,Bling,baller,Shimmering,Synth Pad"
"Its Lit-JP","Trap,Chill,Cool,Flashy,Fashion,Bling"
"Drinking Up Main-JP","Driving,pumping,Rave,Party,Exciting,Fashion,Sexy"
"Pop More BE Main-JP","Swagger,Proud,Strut,Determined,Driving,Upbeat"
"Girl Talk Be Main-JP","Celebratory,Party,Joyous,Energized,Fashion,Upbeat,Runway,Project Runway"
"Be Marching In Main-JP","Sports,Action,Energized,Driving,NBA,Basketball"
"Duck Calling AM Main-JP","Serious,Determined,Repetitive,Worried,Pensive,Driving"
"Sunny Days-instr 001-JP","Sweet,Sentimental,Indie,Anthemic,Heartfelt,Earnest"
"Sunny Days 005-JP","Sweet,Sentimental,Indie,Anthemic,Heartfelt,Earnest"
"Just Keep Dancing-JP","Sweet,Sentimental,Indie,Anthemic,Heartfelt,Earnest,Claps,Upbeat,Dance,Club,Bar,Money,Hipster"
"Full Flight-JP","Driving,Tough,Proud,Hipster,Hip,Dramatic"
"Crank It Down-JP","Crunchy,grimy,Trap,Modern Hip Hop,dark synths,punchy bass"
"Creaking Door-JP","Impending Doom,dangerous situation,creepy monsters,Syfy,science fiction tension,unleash the beast,growing concern,creepy crawlies,tense moments"
"Apparuit Diaboli-JP","Impending Doom,dangerous situation,creepy monsters,Syfy,science fiction tension,unleash the beast,growing concern,creepy crawlies,tense moments"
"Something To Hide-JP","Mischievous,Sneaky,Urban,Trap,Tricky,Practical Joke"
"Continue To Breathe-JP","Trance,Drone,Unsettling,Nervous,Suspenseful,unnerving"
"Stay Behind-JP","Deep House,night bass,edm,EDC,future house,sci fi dance music,Syfy,dance floor killer,early 90s techno,Catwalk,walking the runway,Flashing Lights"
"Reality Sinks In-OHM-JP","Sentimental Moment,low energy,after the birth,Newborn,Sleepy Time,beautiful soul"
"Crickle Down-JP","Sexy,hip hop underscore,geeking out,reality bed,laid back hip hop,classic vibes,Trap,Ratchet,turnt"
"Make the Drop-JP","Sexy,hip hop underscore,geeking out,reality bed,laid back hip hop,classic vibes,Trap,Ratchet,turnt up"
"An Ending Alt-JP","stranger things"
"When Our Work Is Done-MG-JP","Celebration,Carefree,Pop Rock,Inspiring,Optimistic,hopeful,new house,Beachfront Bargain,what a deal,great savings,beautiful location,Tropical Paradise,Summer Sun,Thankful,Finale"
"Dance Your Troubles Away-MG-JP","Celebration,Carefree,Pop Rock,Inspiring,Optimistic,hopeful,new house,Beachfront Bargain,what a deal,great savings,beautiful location,Tropical Paradise,Summer Sun,Thankful,Finale"
"Talkin Schlock-JP","laid back hip hop,Relaxed Hip Hop,slumpy,Chillin,Relaxing,funky bed"
"Letter To You-Instr-JP","Heartfelt,Sweet,Nostalgic,Remembering,Nostalgia,Lonely"
"I Want It Now Full Version w Vocal-JP","Intense,Driving,Tough,Gritty,Industrial,Dark"
"Not Enuff Chrome-MG-JP","upbeat biker rock,Motorcycles,on the hunt,friendly bikers,friendly tough guys,Restoration,Fixer Upper,On the Prowl,Roadtrip,Fun in the Sun,upbeat rock"
"I Wanna Be Bad 60 Second Instr-JP","Exciting,Energetic,Extreme,High Energy,Technology,Car Commercial,Fast Car"
"Better Days-Instr 001-JP","Beautiful,Floating,Heartfelt,Emotional,Death,reflective,Pretty,Piano,Moving,solo piano"
"Never Give Up-Instr 002-JP","Ethereal,Spacey,Indie,Moving,Emotional,moody,Airy,Modern,Futuristic"
"My Day-Instr 001-JP","Techy,Technology,How Stuff Works,Edgy,80s,Electronic"
"Feelin Good 002-JP","Soul,Positive,Fun,Dance,Kitsch,kitschy"
"Brand New Shoes-JP","Fun,bouncy,Quirky,Kitsch,jazz,Kids,Roger Rabbit"
"Airborn 001-JP","Acoustic,Inspiring,Positive,Driving,folky,folk,Anthemic,stomping"
"Good King Wenceslas 002-JP","coffee,Starbucks,Twee,Xmas,Christmas,cheerful,Light,folky,Bright,Breezy,cheerful,Fun,Holidays,Christmas"
"Whimsical Feelings-JP","Mysterious,Mystery,Intrigue,Intriguing,american crime story,the people v oj simpson"
"Trap Face-JP","Chill,Old School,Serious,Determined,focused,Samples"
"Slighly Cracked-JP","Chill,Old School,Serious,Determined,focused,Samples"
"Now Its Your Turn-JP","Chill,Old School,Serious,Determined,focused,Samples"
"Karate Kicking-JP","Chill,Old School,Serious,Determined,focused,Samples"
"He Ordered Champagne-JP","Light Tension,Old School,Serious,Determined,focused,Samples"
"Freak Yall-JP","Chill,Old School,Serious,Determined,focused,Cool"
"Fascinate Me-JP","Chill,Old School,Serious,Determined,focused,Samples,Asian,Soaring"
"Clear The Air 001-JP","Chill,Old School,Serious,Determined,focused,Samples"
"All Day Music-JP","Chill,Old School,Serious,Determined,focused,Samples"
"5 Doors Down-JP","West Coast,Tough,Street,Proud,Strut,Hip Hop,Old School"
"Rolling and a Rocking-JP","Playful,Kids,Light,Children,Southern,Playing"
"Skunky Funk Monk-JP","Funky,Jammy,Jam,Funk,Retro,Throwback,Groovy"
"Afterglow 006-JP","stranger things,Investigative,pulsing,Intense,Crime,CSI"
"Downward Phase-JP","Dark,Anticipation,Worry,Epic"
"Cathedrals In A Library Book-JP","Celebration,happy build,Big Reveal,Success,victory story,joyous rock,Positive,Wedding,the right dress,perfect fit"
"Holy Puta-JP","Ultimate Fighting Championship,Fight,Punch,nu-metal"
"Funky Beatnik-JP","Funky,Upbeat,Silly,Spy,Detective,70s,Retro,Chill,Funny,Comedy"
"Concrete & Tile-MG-JP","upbeat biker rock,Motorcycles,on the hunt,friendly bikers,friendly tough guys,Restoration,Fixer Upper,On the Prowl,Roadtrip,Fun in the Sun,upbeat rock"
"Post Partum-OHM-JP","Sentimental Moment,low energy,after the birth,Newborn,Sleepy Time,beautiful soul"
"After the Birth-OHM-JP","Sentimental Moment,low energy,after the birth,Newborn,Sleepy Time,beautiful soul"
"An Epic Journey-JP","Heavy,Epic,Intense,Battle,Lord of the Rings,Game of Thrones"
"Dark Forces-JP","Dark,Edgy,Video Game,Heavy,Techy,Futuristic,Apocalyptic,Crossover,mad max 3,Mad Max,fusion"
"Sunday Morning 005-JP","Swung,bouncy,Carefree,Twee,Sweet,Cute"
"Taking It Cool Before Show-JP","Heroic,Proud,Victorious,News,Story,Coverage,veep,Election Day"
"Fiery News-JP","Heroic,Epic,Battle,War,NFL,ESPN,Sports"
"Space Bass-JP","Deep House,night bass,edm,EDC,future house,sci fi dance music,Syfy,dance floor killer,early 90s techno,Catwalk,walking the runway,Flashing Lights"
"Dance Yo Ass Off-MG-JP","Celebration,Carefree,Pop Rock,Inspiring,Optimistic,hopeful,new house,Beachfront Bargain,what a deal,great savings,beautiful location,Tropical Paradise,Summer Sun,Thankful,Finale"
"Deep Thoughts 004-JP","Urban,Chill,chillax,R&B,Relaxed,Cool"
"The Show 003-JP","Tough,Attitude,Chill,Proud,Fashion,Cool"
"Monsters in my Head-JP","Thug,Ghetto,Proud,Gangsta,Urban,Street"
"I Got Power-JP","Thug,Ghetto,Proud,Gangsta,Urban,Street"
"Keep Trying 001-JP","Thug,Ghetto,Proud,Gangsta,Urban,Street"
"Gotta Win-JP","Thug,Ghetto,Proud,Gangsta,Urban,Street"
"Live Your Dreams 002-JP","Thug,Ghetto,Proud,Gangsta,Urban,Street"
"When My Homies Call-JP","Thug,Ghetto,Proud,Gangsta,Urban,Street"
"Conquer 92 Master-JP","Thug,Ghetto,Proud,Gangsta,Urban,Street"
"Odd Person-JP","Thug,Ghetto,Proud,Gangsta,Urban,Street"
"You Have This-MG-JP","upbeat biker rock,Motorcycles,on the hunt,friendly bikers,friendly tough guys,Restoration,Fixer Upper,On the Prowl,Roadtrip,Fun in the Sun,upbeat rock"
"Deflector Array-JP","Club,Dance,space,4am"
"Corndog City-JP","Happy,Fun,Montage,Vacation"
"Hold Me Back Boys-MG-JP","upbeat biker rock,Motorcycles,on the hunt,friendly bikers,friendly tough guys,Restoration,Fixer Upper,On the Prowl,Roadtrip,Fun in the Sun,upbeat rock"
"A Good Day 002-JP","Funky,Soul,Jazzy,Smooth,Retro,Funk"
"Bacon and Beans-JP","Funky,Soul,Jazzy,Hip Hop,Retro,Laid Back"
"Broadway Funk Alt-JP","Funky,Soul,Jazzy,Smooth,Laid Back,Chill"
"2000 Funk Alt-JP","Funky,Soul,Jazzy,Smooth,Jammy,Retro"
"80s Rush Alt-JP","Funky,Soul,Jazzy,Smooth,80s,1980s"
"Steep Turn-JP","Teen,Building,Driving,Edgy,Determined,90s"
"Breeze Slow-JP","Teen,Young,youthful,Upbeat,Carefree,Happy"
"Relax By The Shore-JP","Teen,Young,youthful,Upbeat,Carefree,Happy"
"Low Tide 002-JP","Chill,World,Travel,Inspired,Inspirational,Relaxed,Soaring,Flying,Airport,Airplane"
"Panarama-JP","Chill,World,Travel,Inspired,Inspirational,Relaxed,Soaring,Flying,Airport,Airplane"
"Just Happy To Help-OHM-JP","Going out,Night On The Town,happy reveal,Happy Rock,with a purpose,Moving forward,celebration rock,Success,Thankful,American Rock,Exciting,Inspirational"
"About Stat and Flow-JP","Sexy,Strut,Proud,Urban,baller,Inner City"
"Ace in the Streets-JP","Sexy,Strut,Proud,Urban,baller,Inner City"
"All Ready for the Night-JP","Sexy,Strut,Proud,Urban,baller,Inner City"
"All Smooth Talker-JP","Sexy,Strut,Proud,Urban,baller,Inner City"
"Raise Your Hands 001-JP","Celebrity,Party,Glamour,Style,Fashion,Vogue"
"All the Lanes Open-JP","Sexy,Strut,Proud,Urban,baller,Inner City"
"Come and Meet Your Doom-JP","Sexy,Strut,Proud,Urban,baller,Inner City"
"Dont Kick them Down-JP","Sexy,Strut,Proud,Urban,baller,Inner City"
"Feels Smooth as Sunshine-JP","Sexy,Strut,Proud,Urban,baller,Inner City"
"Forming on the Foundation-JP","Sexy,Strut,Proud,Urban,baller,Inner City"
"Got to Make Sense-JP","Sexy,Strut,Proud,Urban,baller,Inner City"
"Rhythym Be Bumping-JP","Sexy,Laid Back,Urban,Sensual,Jazzy,Sex"
"Ride By Smiling-JP","Sexy,Strut,Proud,Urban,baller,Inner City"
"Sidewalks are Bright-JP","Sexy,Strut,Proud,Urban,baller,Inner City"
"Stay Rockin With Them-JP","Sexy,Strut,Proud,Urban,baller,Inner City"
"Move Your Body 001-JP","Celebrity,AfroBeat,Glamour,Style,Reggaeton,Miami"
"How Do I Make A Melody-JP","Celebrity,Electro Swing,Glamour,Style,Reggaeton beat,Reggaeton"
"Go Higher-JP","Celebrity,Party,Glamour,Style,Fashion,Exciting"
"Cat Eyes-JP","Celebrity,Party,Glamour,Style,Fashion,Glamourous,Glamorous,Vogue,Voguing"
"Waking Up 003-JP","Bright,cheerful,Cheery,hopeful,Innocent,Kids,commercial"
"Machine Strut-JP","Dark,Gritty,dirty electro,distorted synths,Badass,focused pursuit,Syfy,Science Fiction,fashionable edm,Night Life,Catwalk,Fashion show"
"Sneaky Drunk-JP","Sneaky,Detective,Spy,Silly,Cartoon,Roger Rabbit,Cartoonish,Spying,Sneaking,Twin Peaks"
"Silly Drunk-JP","Sneaky,Detective,Spy,Silly,Cartoon,Roger Rabbit,Cartoonish,Spying,Sneaking,Twin Peaks"
"Confident Drunk-JP","Drunk,Drunkard,marching,Comedy,Determined,Silly"
"Waves No Drums-JP","Pop,Car,Indie,Sun,Chill,Chillwave"
"Those Programs-JP","New Wave,nu wave,nu disco,80s,Spacey,washy"
"The All Jazz No Drums-JP","Trumpet,Hip Hop,Bar,Evening,Laid Back,Chill"
"Kites 40-JP","Ambient,Chill,Synths,Future,Laid Back,Cool"
"Heat 001-JP","vaporwave,Chill,Retro,80s,Chillwave,Laid Back,Mac,Futuristic,Macintosh"
"Tequila Sunrise-JP","Dance,Party,House,Pop,Buildup,Building,Rave,Club"
"Where Were We?-OHM-JP","having a baby,Thankful,groove underbed,reality bed,Groove,Chill"
"New Beginning 002-JP","hopeful,Determined,Triumphant,Trying,Accomplished,Accomplishment,Bass,space,Dare,Playful,Humorous,Druggy,Freewheeling"
"With You By My Side-OHM-JP","having a baby,Thankful,groove underbed,reality bed,Groove,Chill"
"Great To See You-OHM-JP","Going out,Night On The Town,happy reveal,Happy Rock,with a purpose,Moving forward,celebration rock,Success,Thankful,American Rock,Exciting,Inspirational"
"Sticky Sunday-JP","Montage,Positive,Love,Summer"
"Designed Success-JP","hopeful,Determined,Triumphant,Trying,Accomplished,Accomplishment"
"Blue Sheet Run V2-MG-JP","Upbeat,Groovy,Funky,Playful,reality bed,Light Hearted"
"Tangy-JP","synth wave,80s,Orchestral,Synth Pop,stranger things,1980s,Dark,Lurking,Mysterious,Knight Rider"
"Stadium Tour","synth wave,Chillwave,80's,synthpop hip hop,Synthpop,1980s,Serious,stranger things,Emo,Emotional,Slow Motion"
"Nex-JP","80s,Chill wave,Synth,Trailer,reflective,Sad"
"Maui-JP","Chill wave,Synth,80's,1980s,Synthesizers,stranger things"
"Love Time","80s,Chill wave,Trailer,John Hughes,Feelings,Feeling,Emotional,Emotions,Moving,Momentous"
"Falling Hard","synth wave,Chillwave,80s,Synthpop,1980s,moody,Atmosphere"
"Eerie-JP","Horror,Mystery,Suspenseful,Breakbeat,Scary,90s"
"Cure-JP","synth wave,1980s,Synthpop,90s,Chill wave,80s,moody"
"Copy That","synth wave,80's,Orchestral,Emotional,90s,Dreamy"
"Army of Four","Trailer,Cinema,pumped,Orchestra,Driving,Tough,ESPN,Sports,Action,Ending Credits,End Credits"
"New Devilry R1-MG-JP","groovy upbeat,solid groove,quirky underscore,Up to Something,light hearted funky,funny environment,Beachfront Bargain Hunt"
"Flight Or Fright R1-MG-JP","shoreline tension,Tense Moment,going wrong,Troubled,problems brewing,Anxiety,Worried,high prices"
"Marching To Doom R1-MG-JP","shoreline tension,Tense Moment,going wrong,Troubled,problems brewing,Anxiety,Worried,high prices"
"Tis A Groovy Thang R1-MG-JP","groovy upbeat,solid groove,quirky underscore,Up to Something,light hearted funky,funny environment,Beachfront Bargain Hunt"
"Busted Stiletto-JP","Dark,Gritty,dirty electro,distorted synths,Badass,focused pursuit,Syfy,Science Fiction,fashionable edm,Night Life,Catwalk,Fashion show"
"Rogerio Ceni-JP","rock alternativo,rebelde,Punk Rock,Alt Rock,reflective,Rock"
"Cavalhada-JP","viola caipira,musica caipira,agronegocio,Latin,Brazilian,Laid Back"
"Lenha na Fogueira-JP","viola caipira,MPB,viola minha viola,Latin,Brazilian,Positive"
"Pulando Fogueira-JP","globo rural,moda de viola,BRAZIL,Latin,Brazilian,Laid Back"
"Feel The Tension 002-JP","Tense,Uncomfortable,Backstabbing,Attitude,Unsettling,Nervous"
"A Tardinha no Sertao-JP","viola caipira,dedilhado,melancolico,Latin,Brazilian,Positive"
"Inspired To Go On-JP","Proud,Inspired,reflective,Happy,Moving On,Overcoming"
"Upbeat And Lively-JP","Sexy,Attitude,Confident,Confidence,Urban,Strutting,Strut"
"Modinha na Viola-JP","viola caipira,cabocla,melancolico,Latin,Brazilian,reflective"
"Viva Sao Goncalo-JP","viola caipira,Fazenda,globo rural,Latin,Brazilian,Positive"
"Challenge Me-JP","Attitude,Sexy,Strut,Gossip,Light Tension,Disagreement,Urban,Struggle,Confident"
"Ready To Compete-JP","Sexy,Attitude,Confident,Confidence,Urban,Strutting,Strut"
"Aftershock-JP","Hard Rock,Cock Rock,Hair Band,80s,1980s,Extreme,Wailing guitar,Guitar Hero"
"Pass the Bottle-JP","Dark,Gritty,dirty electro,distorted synths,Badass,focused pursuit,Syfy,Science Fiction,fashionable edm,Night Life,Catwalk,Fashion show"
"Hip Hop Reality 9-JP","Tough,Proud,Ghetto,Gangsta,Inner City,Overcoming"
"Haruku-JP","Laid Back,Chill,Cool,chillax,Urban,Relaxed"
"Morotai-JP","Asian,Mysterious,Mystery,Orchestral,Orchestra,Intriguing"
"Ones And Zeros-JP","Dark,Gritty,dirty electro,distorted synths,Badass,focused pursuit,Syfy,Science Fiction,fashionable edm,Night Life,Catwalk,Fashion show"
"Happy Recap-OHM-JP","Going out,Night On The Town,happy reveal,Happy Rock,with a purpose,Moving forward,celebration rock,Success,Thankful,American Rock,Exciting,Inspirational"
"Happy Denial-OHM-JP","edm,pop electro,modern electro,Thankful,Happy,Tropical"
"Night Moves 003-JP","Electronic,electro,Cool,Pensive,Confident,introspective"
"Furry Critters-JP","Critters,la zoo,animal keepers,another day on the job,active positive,Optimistic,Light Hearted,Playful,cute animals"
"The Bells of Love Rings-JP","Sexy,Chill,Proud,Strut,Soulful,Synth"
"Tell Him Him and Him-JP","Overcoming,Swagger,Proud,Strut,Soulful,Synth"
"Take U Home With Me 001-JP","Sexy,Chill,Energetic,Exciting,Club,Synth"
"Take There Over There-JP","Sexy,Chill,Proud,Strut,Soulful,Synth"
"Fun Comedy Laugh Happy-JP","Happy,Kids,Fun,Zany,Cute,Positive"
"Summer Jam Winter Jam-JP","Sexy,Hot,Strutting,Strut,Swagger,Club"
"Stuck Unstuck-JP","Sexy,Hot,Club,Strut,Intense,Driving"
"Stripper Love Two-JP","Sexy,Chill,Proud,Strut,Soulful,Synth"
"Strange Kinda Love-JP","Sexy,Chill,Proud,Strut,Soulful,Synth"
"Stars are a Shooting-JP","Sexy,Chill,Proud,Strut,Soulful,Synth"
"Stadium Concerts-JP","stutting,Sports,NBA,Proud,Strut,Swagger"
"SSCCPP-JP","Fashion,Upbeat,Energetic,Fast Paced,Exciting,Runway"
"Slow Cooked Big Wings Inc-JP","Sexy,Chill,Proud,Strut,Soulful,Synth"
"Mo Bottles XS 3-JP","Sexy,Strut,Fashion,Hot,Excited,Energetic"
"Sicko Stories-JP","Proud,Energetic,Exciting,NBA,Basketball,Crowd"
"Shawty Im ATL-JP","Sexy,Chill,Proud,Strut,Soulful,Relaxed"
"Ride With Me Tonight-JP","Sexy,Flashy,Fashion,Hot,Energetic,Teen"
"Register Early-JP","Sexy,Chill,Proud,Strut,Soulful,Synth"
"Rainy Nights Sunny Days-JP","Sexy,Chill,Sensual,Laid Back,Relaxed,Chilling,vibe"
"Pick It Up Then Drop It-JP","Trap,Southern,Dirty South,Atlanta,Troubling,Tough"
"One Moombahton-JP","Nightclub,Club,Exciting,Energetic,Energy,High Energy"
"No Shirt Three-JP","Sexy,Chill,Proud,Strut,Soulful,Synth,Playful"
"Night Owl Who Who-JP","Sexy,Chill,Proud,Strut,Soulful,Synth"
"Ney Ney Ney-JP","Sexy,Chill,Proud,Strut,Soulful,Synth"
"My No One Again-JP","Sexy,Fashion,Runway,Strut,Swagger,Sleek"
"Monumental Moments-JP","stomping,Proud,Triumphant,Winner,Sports,NBA"
"Long Version Short Version-JP","Sexy,Chill,Proud,Strut,Soulful,Synth"
"Love On Sunday Love On Monday-JP","Flashy,Club,Pumped Up,Excited,ecstatic,Fashion"
"Love Me Love You-JP","Sexy,Chill,Proud,Strut,Soulful,Synth"
"Live For Your Dream Two-JP","Swagger,Chill,Proud,Strut,Soulful,Organ"
"Kindasorta Two Four Six-JP","Excited,Basketball,Proud,Strut,Soulful,Hot,NBA,Brass,Swagger"
"Something Good 001-JP","Celebration,happy build,Big Reveal,Success,victory story,joyous rock,Positive,Wedding,the right dress,perfect fit"
"Follow Your Heart 001-JP","Celebration,happy build,Big Reveal,Success,victory story,joyous rock,Positive,Wedding,the right dress,perfect fit"
"Athens Sound-JP","Celebration,happy build,Big Reveal,Success,victory story,joyous rock,Positive,Wedding,the right dress,perfect fit"
"July Baby-JP","Gentle,Relaxed,Lullaby,Sweet,singer songwriter,Folksy"
"Joint Is Jumpin-JP","Sports,Highlights,Sports Center,ESPN,NFL,NBA,Electronica,Electronic Rock"
"It All Begins Now-JP","Soaring,Heroic,Fallen Soldier,Heavenly,Epic,Lord of the Rings,Game of Thrones"
"Intruder 002-JP","active,Stinger,Sting,Funk,Funky,Jammy"
"Intruder Chase-JP","Fast,Percussion,Exciting,Energetic,Chase,Stuntman,Wes Anderson,Woody Allen,old school chase,Detective,Rushmore"
"Into The Light 004-JP","Tragic,Slow,Moving,Emotional,Heroic,Death"
"In the Trophy Room-JP","Horror,magical,Adventurous,Jungle,Scary,Alien,American Horror Story,Outer Space,Psycho,Halloween"
"I Love You Too Gabe-JP","Sweet,Lullaby,Slow,Gentle,Drama,Thinking,Minimalist"
"Hot Sauce Electric Bumpers-JP","Relaxed,60s,1960s,Psychedelic,noodling,Laid Back"
"Christmas Love Full-JP","Happy,cheerful,Upbeat,Fun,Holidays,Christmas"
"Regal And Proud Full-JP","Proud,Triumphant,Winner,Winning,Sports,Olympics,regal"
"Perpetual Symmetric Motion-JP","Determined,Quick,Bright,hopeful,Corporate,Driving"
"Cricking Around-JP","Critters,la zoo,animal keepers,another day on the job,active positive,Optimistic,Light Hearted,Playful,cute animals"
"Tabletop-JP","Dark,Gritty,dirty electro,distorted synths,Badass,focused pursuit,Syfy,Science Fiction,fashionable edm,Night Life,Catwalk,Fashion show"
"Just Keep It Coming and Coming-JP","Sexy,Chill,Proud,Strut,Soulful,Synth"
"Juke Box Music-JP","Sexy,Chill,Proud,Strut,Soulful,Synth"
"Its Hotter Than Its Ever Been-JP","Sexy,Chill,Proud,Strut,Soulful,Synth"
"I Learned To Take Flight-JP","Overcoming,Hardship,Proud,Triumphant,Soulful,Determined"
"I Founded You Twice-JP","Sexy,Chill,Proud,Strut,Soulful,Synth"
"Hop Dutty Hop-JP","Sexy,Chill,Proud,Strut,Soulful,Synth"
"Hands On Me Hands On You-JP","Sexy,Club,Hot,Dance,clubby,Clubbing"
"Hand Up Hand Down-JP","Sexy,Hot,Club,Fashion,Sex,Sweaty"
"Girl U Make Me Crazy-JP","Excited,Exciting,Building,Euphoric,ecstatic,Energy"
"Forever Anthem Again-JP","Sexy,Chill,Proud,Laid Back,Soulful,Piano"
"For Libre For Libre-JP","Sexy,Exciting,Energetic,Energy,Olympics,Reggaeton beat"
"Fly Away Sail Away-JP","Sexy,Chill,Proud,Strut,Soulful,Synth"
"Flash Dancing-JP","Sexy,Club,Hot,Fashion,Strutting,turned up"
"Fallin Upward-JP","Sexy,Chill,Proud,Strut,Soulful,Synth"
"Do Who Do-JP","Sexy,Chill,Proud,Strut,Tough,Synth,Flashy,Fashion"
"Da King of Kings 2-JP","Tough,Trap,Proud,Strut,Basketball,NBA"
"Da King of Kings 1-JP","Tough,baller,Proud,Strut,hard knock,Hard Core"
"Colaboration R&B vs Rap-JP","Sexy,Chill,Proud,Strut,Soulful,Synth"
"Close My Eyes Tight-JP","Inspiring,Inspired,Triumphant,Happy,Building,Explosive"
"Clear Mornings Forever-JP","Sexy,Chill,Proud,Strut,Soulful,Synth"
"Chill Dance Chill-JP","Sexy,Flashy,baller,Strut,Fashion,Synth"
"Can you Honestly Believe This-JP","Sexy,Strutting,Proud,Strut,Tough,Trap"
"Boom Cat Boom-JP","Sexy,Chill,Proud,Strut,Soulful,Synth"
"Beat to the Night-JP","Sexy,Chill,Laid Back,Gentle,Soulful,Rhodes"
"Beat the Flashes-JP","Sexy,Fashion,Hot,Strut,Club,Synth"
"All Alone I Dont Wanna Dance-JP","Sexy,Chill,Proud,Strut,Soulful,Synth"
"Aaddhhdd-JP","Sexy,Fashion,Smooth,Strut,Proud,Overcoming"
"A Love Thats Kinda Different-JP","Chill,Sexy,Smooth,reflective,Relaxed,Laid Back"
"A Galaxy Far Away-JP","Sexy,Fashion,Strut,Throwback,Runway,Project Runway"
"30 Tipsy Skems-JP","Relaxed,Chill,Cool,Sexy,Laid Back,reflective"
"Modern Heavy Rock-JP","UFC,NFL,Wrestling,WWF,WWE,Extreme,Sports,Highlights"
"Winter Acoustic Guitar-JP","Relaxed,warm,Holidays,Acoustic Guitar,folk,Retro,classic folk"
"Warm Acoustic Guitar 001-JP","Relaxed,warm,Holidays,Acoustic Guitar,folk,Retro,classic folk"
"Indie Rock Pop-JP","Driving,Modern,Drive,Powerful,Forward,Moving forward"
"Hip Club Hop-JP","Hip,Strut,Chill,Swagger,Hip Hop,vibe"
"Easy Acoustic Guitar-JP","Gentle,Relaxed,Country,folk,Natural,Nature,stream,River,flowing"
"While My Piano Gently Weeps-JP","Gentle,Heavenly,Relaxed,Calm,Ethereal,atmospheric,Fantasy,Avatar"
"Devine-JP","Meditative,Ethereal,reflective,Eastern,Gentle,Calm"
"Top T-instr-JP","Urban,Chill,Laid Back,Sexy,vibing,Grooving,Flow,flowing,vibe"
"Plesantly Disturbed-JP","mentally disturbed,Disturbing,Unsettling,70s,Murder,Mystery"
"The Creepy Music Box-JP","Creepy,Chilling,Haunted House,Scary,Halloween,Haunted,American Horror Story"
"All Your Drama-JP","Calm,Relaxed,Laid Back,Chill,vibe,Chilling"
"Pop Fun Cool Groove-JP","Retro,Chill,Funky,Grooving,Groove,Throwback"
"Trimming the Christmas Tree-JP","Christmas,Classic,Upbeat,warm,cheerful,Joyful,Holidays,Shopping,Cheery,Sleigh Ride,Sleigh Bells,Snowy,santa klaus,Bright"
"Swinging Silent Night-JP","Christmas,jazz,Swing,Trio"
"Step 2 It-JP","Synthpop,Laid Back,Club,Dance,90s,Synths"
"Simple Sentimental Xmas 60-JP","Christmas,Jingle Bells,simple sentimental,Laid Back,Gentle,warm"
"Sexy 70s-JP","Soulful,Sexy,Sensual,Retro,Sexy Sax,Saxophone,porno,60s,70s"
"Santas and Elves in Workshop-JP","Christmas,Classic,Holiday,warm,Sleigh Ride,cheerful,Adventurous"
"Nice n Easy-JP","cheerful,Quirky,Orchestral,Upbeat,Light,Plucked"
"Home For Christmas 003-JP","Christmas,Classic,Holiday,warm,Shopping,Holidays,Happy,Home Alone,cheerful"
"Gone Fishin-JP","Laid Back,Acoustic,folk,Fingerpicking,Relaxed,Gentle"
"Four on the Floor 001-JP","Synthpop,Dance,Upbeat,Club,Building,Urban"
"Deck the Swingin Halls-JP","Christmas,jazz,Swing,Upbeat,Charlie Brown,The Peanuts,warm,Holidays,Classy,Fancy,Woody Allen,Jazzy"
"Danger Dance-JP","Synthpop,dance electronica,Club,Reggaeton,Beat,Electronic"
"Armies of the South-JP","Adventure,Mystery,Drama,Building,Adventurous,Planet,Nature,Planet Earth,Avatar,Lord of the Rings,Game of Thrones,Magnificent,sorcery"
"American Morning-JP","Americana,Chamber,Somber,reflective,magical,Heroic"
"A Punky Christmas-JP","Christmas,Upbeat,Rock,Punk,Synth,Cheesy,We Wish You A Merry Christmas,Synthesizers"
"Your Side 001-JP","90s,Grunge,Dramatic,Edgy,Tough,1990s"
"Find Me 001-JP","Grunge,Powerful,Driving,Rock,90s,1990s"
"Trust To Hope-instr-JP","Sentimental,Sweet,Tragic,Melancholic,Drama,Soap Opera"
"Broadripple-instr-JP","Hip Hop,Cinematic,Suspense,Proud,Tough,Swagger"
"Lick A Lolly-JP","pop edm,happy electronica,Fashion Week,Fashionable,Fashion show,Catwalk,super models,Project Runway,Glamorous,Dance Pop,cool night club,hot and sweaty pop,mainstage edm,ultra music,tomorrowland festival"
"Brangelina Cotilliard-JP","pop edm,happy electronica,Fashion Week,Fashionable,Fashion show,Catwalk,super models,Project Runway,Glamorous,Dance Pop,cool night club,hot and sweaty pop,mainstage edm,ultra music,tomorrowland festival"
"That Girl-instr 001-JP","Bar,Fun,90s,Rock,Rock n Roll,Classic"
"Unexplainable Movement-JP","Fast,Sneaky,Thief,spy vs spy,Spy,Horror,American Horror Story"
"The Melancholy Cafe-JP","Dark,Mysterious,Mystery,Scary,American Horror Story,Horror"
"Romantic Nights-JP","Piano,Film Noir,swept up,Romantic,New York City,New York"
"Breaking Down Walls-JP","Determined,Symphonic rock,Electronic Rock,Driving,Technology,Proud"
"Crashing Through-JP","Driving,Hooky,Hook,Electric Guitar,driven,Determined"
"Atmospheric Guitar Bed-JP","atmospheric,Cinematic,Emotional,Building,Guitars,Reverb,Momentous"
"Orchestral Hip Hop-JP","Epic,symphonic,Orchestral,fusion,Breakbeat,Industrial"
"Into the Night 009-JP","Edgy,Industrial,edm,Tough,Intense,Techy,Action"
"Love So Hurts-JP","Sad,Lonely,Tragic,Heartbroken,Melancholic,Depressed"
"Erotic Passions-JP","Mystery,Mysterious,Middle Eastern,CSI,American,Crime,David Lynch"
"Christmas Tree Memories-JP","Melancholic,Film Noir,Drama,Sad,Lonely,Christmas,Depressed"
"Christmas Came Upon Us-JP","Mystery,christmas horror,Scary,christmas scary,tragic christmas,Unsettling"
"Chasing the Dark Mind-JP","Scary,Thriller,Chilling,Horror,Scared,Creepy"
"Your Own Doing-OHM-JP","having a baby,Thankful,groove underbed,reality bed,Groove,Chill"
"Jolly Jumper-OHM-JP","Going out,Night On The Town,happy reveal,Happy Rock,with a purpose,Moving forward,celebration rock,Success,Thankful,American Rock,Exciting,Inspirational"
"Broken Latch-OHM-JP","Modern Hip Hop,trappy vibes,Tense Moment,dark and gritty,Urban,Hood"
"Code Red Instr-JP","Tough,Strut,Proud,Gangsta,Ghetto,baller"
"Into The Light 005-JP","Serious,Drama,Thinking,Pensive,hopeful,Thoughtful"
"Partay-JP","pop edm,happy electronica,Fashion Week,Fashionable,Fashion show,Catwalk,super models,Project Runway,Glamorous,Dance Pop,cool night club,hot and sweaty pop,mainstage edm,ultra music,tomorrowland festival"
"By My Side 003-JP","Epic,Rap,Hip Hop,Proud,Overcoming,Struggle"
"Major Keys-JP","Rap,Hip Hop,Proud,Overcoming,Struggle,Tough"
"Still Wanna-JP","Sexy,Sensual,Hip Hop,Proud,Overcoming,Struggle"
"Kanye N Tupac Go to Africa-JP","Epic,Rap,Hip Hop,Proud,Overcoming,Struggle"
"Blvck Cloud-JP","Epic,Rap,Hip Hop,Proud,Overcoming,Struggle"
"Single For You-JP","Happy,Content,Pop,Overcoming,Proud,Acoustic Guitar"
"Dirty Money 002-JP","Epic,Rap,Hip Hop,Proud,Overcoming,Struggle"
"For My Queen-JP","laid  back,Chill,Cool,Grooving,Sexy,Sensual"
"Super Fire-JP","Epic,Rap,Hip Hop,Proud,Overcoming,Struggle"
"Its Gonne Be OK-JP","Light,Laid Back,folky,warm,Family,stomping"
"Enswell instr-JP","Anthemic,stomping,Epic,Indie,Indie Rock,Pop,Inspired,Inspirational"
"JPC-Intercontinental-JP","Top 40,2016 pop music,Celebratory,bright synths,Dancefloor,Late Nights,party atmosphere,Summer Anthem,sexy rhythms"
"The Concrete Riverbed-MG-JP","beachfront,ocean side,Tropical,Breezy,Vacation,Paradise,Thankful,Optimistic"
"Force Feed-OHM-JP","Modern Hip Hop,trappy vibes,Tense Moment,dark and gritty,Urban,Hood"
"Te Guardo Comigo-JP","sertanejo,Romantico,Love,Latin,Brazilian,Sentimental"
"Seu Eterno Namorado-JP","sertanejo,Romantico,arrocha,Latin,Brazilian,Sentimental"
"O que restou de mim sofrencia-JP","Sertanejo Universitario,sofrencia,arrocha,Latin,Brazilian,Sentimental"
"Country Road 001-JP","Cowboy,Country,Pop Rock,Pop,Sentimental"
"Chegou o FIm de Semana-JP","Sertanejo Universitario,rodeio,vila country,Latin,Brazilian,Laid Back"
"Ainda lembro do seu beijo-JP","Romantico,sertanejo,vila country,Latin,Brazilian,Sentimental"
"Never Parting-JP","Celebration,happy build,Big Reveal,Success,victory story,joyous rock,Positive,Wedding,the right dress,perfect fit"
"Almost Ethos-JP","Critters,la zoo,animal keepers,another day on the job,active positive,Optimistic,Light Hearted,Playful,cute animals"
"JPC-Rave All Night-JP","Top 40,2016 pop music,Celebratory,bright synths,Dancefloor,Late Nights,party atmosphere,Summer Anthem,sexy rhythms,Fashion Week,Project Runway,Next Top Model"
"Lloyds Debut-JP","Retro,Strut,Minimalist,Cool,Funky,Funk,Chill,Confident"
"Pog Me-JP","Natural,Appalachian,American,irish american,Irish,Traditional,Cheery,cheerful,st patricks day"
"Boffo Boyo-JP","pop edm,happy electronica,Fashion Week,Fashionable,Fashion show,Catwalk,super models,Project Runway,Glamorous,Dance Pop,cool night club,hot and sweaty pop,mainstage edm,ultra music,tomorrowland festival"
"Final Offer-MG-JP","shoreline tension,Tense Moment,going wrong,Troubled,problems brewing,Anxiety,Worried,high prices"
"Scandalous-instr-JP","Piano,Snap,Trap,808,Attitude,Laid Back,Light Tension,baller"
"Pinball Hero-JP","Sexy,hip hop underscore,geeking out,reality bed,laid back hip hop,classic vibes,Plucky,Quirky"
"Stay Positive-MG-JP","beachfront,ocean side,Tropical,Breezy,Vacation,Paradise,Thankful,Optimistic"
"Make It Clear-MG-JP","beachfront,ocean side,Tropical,Breezy,Vacation,Paradise,Thankful,Optimistic"
"Pray Together V2-JP","Dark Dramatic,dark motives,criminal activities,Sinsister,Murderous,moving documentary,Resolution,montage soundtrack,deathly encounters"
"JPC-Hard to Tell-JP","Top 40,2016 pop music,Celebratory,bright synths,Dancefloor,Late Nights,party atmosphere,Summer Anthem,sexy rhythms"
"EDM Pop Fun Teen Girls-JP","Pop,Teen,edm,Happy,hopeful,Morning,Building,Waking Up"
"Hardly Moonwalking at All-MG-JP","beachfront,ocean side,Tropical,Breezy,Vacation,Paradise,Thankful,Optimistic"
"Madam Brimstone-MG-JP","beachfront,ocean side,Tropical,Breezy,Vacation,Paradise,Thankful,Optimistic"
"The Internet Always Wins-MG-JP","beachfront,ocean side,Tropical,Breezy,Vacation,Paradise,Thankful,Optimistic"
"Stuck on the Swatches-MG-JP","shoreline tension,Tense Moment,going wrong,Troubled,problems brewing,Anxiety,Worried,high prices"
"Gum Breaker-OHM-JP","edm,pop electro,modern electro,Thankful,Happy,Tropical"
"Go With The Flow-MG-JP","beachfront,ocean side,Tropical,Breezy,Vacation,Paradise,Thankful,Optimistic"
"Just the Beginning 001-JP","Celebration,happy build,Big Reveal,Success,victory story,joyous rock,Positive,Wedding,the right dress,perfect fit"
"JPC-Hermit Crab V2-JP","Silly,Quirky,Goofy,Light Hearted,Playful,comedic bed,Carefree,Clumsy,Desperate Housewives"
"Out For A Rip-JP","Critters,la zoo,animal keepers,another day on the job,active positive,Optimistic,Light Hearted,Playful,cute animals"
"To Dance-JP","Waltz,waltzing,Troubled,Feel Good,Piano,Heartfelt"
"Who is Born To Be Hanged Shall Never Be Drowned-JP","emocional,trilha sonora,Drama,Classical,Film Soundtrack,Aggressive"
"Where Am I 001-JP","Suspense,abertura,Industrial,Electronica,Experimental,Ambient"
"What is That 001-JP","Trailer,Crescendo,eletronic,Classical,Film Soundtrack,Aggressive"
"We Lost Her-JP","Action,Trailer,Epic,Classical,Film Soundtrack,Aggressive"
"Turn of Events 001-JP","emocional,Trailer,Drama,Classical,Film Soundtrack,Melancholic"
"The Siren-JP","file x-files,Suspense,Dark,Electronica,Industrial,Ambient,X-Files"
"The People 001-JP","Mystery,Suspense,file x-files,Electronica,Industrial,Ambient,X-Files"
"The Delegate-JP","Dark,Mystery,Suspense,Classical,Film Soundtrack,Aggressive"
"Tempestade-JP","Action,Marvel,Steven Spielberg,Classical,Film Soundtrack,Aggressive"
"Solitude 005-JP","Romantic,amelie poulain,jean pierre jeunet,World,Spanish,Sentimental"
"Slow Perception of Time-JP","Fantasy,Harry Potter,Mistery,Classical,Film Soundtrack,Sentimental"
"Resiliencia-JP","emocional,Suspense,Crescendo,Classical,Film Soundtrack,Dramatic"
"Primeiro Ataque-JP","Action,Crescendo,Marvel,Aggressive,Classical,Film Soundtrack"
"On Our Tales-JP","Tension,Epic,War,Classical,Film Soundtrack,Dramatic"
"Odd Revelations-JP","Mistery,Suspense,Drama,Classical,Film Soundtrack,Dramatic"
"Menacing Thoughts-JP","Suspense,vilao,Ghost,Classical,Film Soundtrack,Dramatic"
"Lonely Society-JP","Drama,Fantasy,Disney,Classical,Film Soundtrack,Sentimental"
"Little Dragon-JP","Japan,Anime,Dragon,Classical,Film Soundtrack,Laid Back"
"Lilys Escape-JP","perseguicao,Action,Marvel,Classical,Film Soundtrack,Aggressive"
"Hold Your Breath 004-JP","Sci Fi,Suspense,Terror,Classical,Film Soundtrack,Aggressive"
"Fight for Life-JP","Action,Intense,perseguicao,Classical,Film Soundtrack,Aggressive"
"Far East 001-JP","Samurai,gueixa,ascestral,World,Sentimental,Slow"
"Esquadrao 51-JP","Lord of the Rings,Epic,Trailer,Classical,Film Soundtrack,Aggressive"
"East Meets West 001-JP","Tibet,Avatar,ascestral,World,Sentimental,Slow"
"Day of The People-JP","Alien,Suspense,New Age,Classical,Film Soundtrack,Melancholic"
"Carry On 004-JP","Drama,Crescendo,Epic,Classical,Film Soundtrack,Melancholic"
"Beloved Ones-JP","emocional,Sad,melancolico,Classical,Film Soundtrack,Melancholic"
"Awakening 004-JP","Tension,Suspense,Trailer,Classical,Film Soundtrack,Aggressive,Uplifting,Piano,World,Nature,atmospheric,moody,Planet Earth,Building,Friday Night Lights,Emotional"
"Asian Lullaby-JP","Avatar,Tibet,China,World,Sentimental"
"Bounce Back 002-JP","Falling in Love,Emotional,Happy,Cute,Thankful,Recovery,Sentimental,Loving"
"A Persistencia da Memoria-JP","emocional,Trailer,Dark,Classical,Film Soundtrack,Melancholic"
"The Game In Review-JP","Sports,Energetic,High Energy,Energy,Pumped Up,Triumphant"
"Let's Celebrate-JP","Club,Celebration,Pumped Up,Excited,Exciting,Energized"
"Plastic Tactics","Playful,light hearted electro,New Day,activies,staying busy,funk tasking"
"Going Green","Carefree,summer fun,Summer Vacation,Having Fun,Playful,Silly,Disney,Nickelodeon,childish funk"
"Stretch'n'Sweep-OHM-JP","edm,pop electro,modern electro,Thankful,Happy,Tropical"
"Night Games-JP","Fashion,Exciting,Energetic,Beauty,Travel,Upbeat"
"The Art of Horror Pounding-JP","Horror,Halloween,Terror,Scary,Haunted,Haunted House"
"The Art of Horror Whispers-JP","Horror,Halloween,Terror,Scary,Haunted,Haunted House"
"The Art of Horror Clanking-JP","Horror,Halloween,Terror,Scary,Haunted,Haunted House"
"The Art of Horror Pulsing-JP","Horror,Halloween,Terror,Scary,Haunted,Haunted House"
"The Art of Horror Psychological-JP","Horror,Halloween,Terror,Scary,Haunted,Haunted House"
"Things Get Better 001-JP","Teen,Happy,Energetic,American,Disney,Edgy,mmmbop"
"Lemon Sun-MG-JP","beachfront,ocean side,Tropical,Breezy,Vacation,Paradise,Thankful,Optimistic"
"Braincation V2-JP","Dark,Gritty,dirty electro,distorted synths,Badass,focused pursuit,Syfy,Science Fiction,fashionable edm,Night Life,Catwalk,Fashion show"
"Saucy Jack-MG-JP","upbeat biker rock,Motorcycles,on the hunt,friendly bikers,friendly tough guys,Restoration,Fixer Upper,On the Prowl,Roadtrip,Fun in the Sun,upbeat rock"
"Swing That Hammer-MG-JP","upbeat biker rock,Motorcycles,on the hunt,friendly bikers,friendly tough guys,Restoration,Fixer Upper,On the Prowl,Roadtrip,Fun in the Sun,upbeat rock"
"Alegria Voltou Instr-JP","Lilting,Jazzy,Light,Latin,Laid Back,Relaxed,Brazilian,Samba"
"Fun Like Always-MG-JP","beachfront,ocean side,Tropical,Breezy,Vacation,Paradise,Thankful,Optimistic"
"Tenshy Tensh-MG-JP","shoreline tension,Tense Moment,going wrong,Troubled,problems brewing,Anxiety,Worried,high prices"
"Neon Clocks-JP","Ambient,Chillwave,Chill,Synth,Relaxed,Laid Back,Hip,Hipster,portland,LA,Los Angeles,Cool"
"Glowing Dopeness-JP","Ambient,Chillwave,Chill,Synth,Relaxed,Laid Back,Hip,Hipster,portland,LA,Los Angeles,Cool"
"Made It to the End-JP","Hip Hop Bed,hip hop underscore,laid back hip hop,luxury lounge,sexy vibes,bottle service"
"Between the Beams-JP","Impending Doom,dangerous situation,creepy monsters,Syfy,science fiction tension,unleash the beast,growing concern,creepy crawlies,tense moments"
"Argento for Breakfast-JP","Impending Doom,dangerous situation,creepy monsters,Syfy,science fiction tension,unleash the beast,growing concern,creepy crawlies,tense moments"
"Disturbing the Slumber-JP","Impending Doom,dangerous situation,creepy monsters,Syfy,science fiction tension,unleash the beast,growing concern,creepy crawlies,tense moments"
"Barnabas-JP","Impending Doom,dangerous situation,creepy monsters,Syfy,science fiction tension,unleash the beast,growing concern,creepy crawlies,tense moments"
"Neverending 001-JP","pop edm,happy electronica,Fashion Week,Fashionable,Fashion show,Catwalk,super models,Project Runway,Glamorous,Dance Pop,cool night club,hot and sweaty pop,mainstage edm,ultra music,tomorrowland festival"
"Need A Nosh-JP","Sexy,hip hop underscore,geeking out,reality bed,laid back hip hop,classic vibes"
"Come On Up-MG-JP","beachfront,ocean side,Tropical,Breezy,Vacation,Paradise,Thankful,Optimistic"
"Upbeat Ukelele Full-JP","hopeful,Corporate,Sweet,Gentle,bouncy,Light"
"Downtown Rag-JP","Entertainer,rag,Ragtime,old timey,slapstick,Old"
"I Never Knew 003-JP","moody,Vocals,Vocalist,Female,Emotional,Heartfelt,Earnest,Sentimental"
"Sleepless 001-JP","moody,Vocals,Vocalist,Female,Emotional,Heartfelt,Earnest,Sentimental"
"Into A Dream-JP","moody,Vocals,Vocalist,Female,Emotional,Heartfelt,Earnest,Sentimental"
"In The Shadows 007-JP","moody,Vocals,Vocalist,Female,Emotional,Heartfelt,Earnest,Sentimental"
"Lost At Sea 003-JP","moody,Vocals,Vocalist,Female,Emotional,Heartfelt,Earnest,Sentimental"
"Only You 002-JP","moody,Vocals,Vocalist,Female,Emotional,Heartfelt,Earnest,Sentimental,Gospel,Church,Jesus,Christian,Worship,Choral"
"The Only Way Is Up-JP","60s,Throwback,Rock n Roll,Indie,Hip,Hipster,Fashion"
"Flight Or Fright-MG-JP","shoreline tension,Tense Moment,going wrong,Troubled,problems brewing,Anxiety,Worried,high prices"
"Winnerz Circle-JP","Swagger,Strut,Ghetto,Urban,Trap,Southern Hip Hop"
"Marching To Doom-MG-JP","shoreline tension,Tense Moment,going wrong,Troubled,problems brewing,Anxiety,Worried,high prices"
"New Devilry-MG-JP","groovy upbeat,solid groove,quirky underscore,Up to Something,light hearted funky,funny environment,Beachfront Bargain Hunt"
"Tis A Groovy Thang-MG-JP","groovy upbeat,solid groove,quirky underscore,Up to Something,light hearted funky,funny environment,Beachfront Bargain Hunt"
"The King of Heartz-JP","Swagger,Strut,Ghetto,Urban,Trap,Southern Hip Hop,pick up the phone"
"Beer Drinking Days are Done-MG-JP","upbeat biker rock,Motorcycles,on the hunt,friendly bikers,friendly tough guys,Restoration,Fixer Upper,On the Prowl,Roadtrip,Fun in the Sun,upbeat rock"
"Space Invaderz-JP","Swagger,Strut,Ghetto,Urban,Trap,Southern Hip Hop"
"Jupiter 002-JP","Swagger,Strut,Ghetto,Urban,Trap,Southern Hip Hop"
"Johnny Cage-JP","Swagger,Strut,Ghetto,Urban,Trap,Southern Hip Hop"
"Ice Cream Dreamz-JP","baller,Strut,Chill,Urban,Confident,Sexy,lux,Luxury"
"Getaway 004-JP","Chill,Cool,Confident,Strut,Hip,Hipster"
"Body Snatcherz-JP","Swagger,Strut,Ghetto,Urban,Trap,Southern Hip Hop"
"Dude Rocks-JP","Adrenaline,¬†advertising,Driving,90s,Car Commercial,Extreme Sports"
"Drum Gods-JP","Advertising,African Drums,Building,Claps,Exciting,Energetic,Tribal,African,Sizzle,Olympics,Tribe,Sports"
"Slik-JP","Chill,Smooth,80s,Sexy,Confident,Throwback"
"Inferno 004-JP","Epic,Sports,Rocky,Miami Vice,80s,1980s"
"Great Feedback-MG-JP","upbeat biker rock,Motorcycles,on the hunt,friendly bikers,friendly tough guys,Restoration,Fixer Upper,On the Prowl,Roadtrip,Fun in the Sun,upbeat rock"
"Sound Splash-JP","Energetic,Build Up,multiple build ups,Exciting,Young,Hip,Club,Fashion"
"Ok Son-JP","Proud,Fashion,Flashy,Tough,Urban,Street"
"4 Work-JP","Overcoming,Tough,Proud,Strut,Determined,Pensive"
"Get Some 004-JP","Proud,Fashion,Flashy,Tough,Urban,Street"
"With A Pornstar-JP","Proud,Fashion,Flashy,Tough,Urban,Street"
"Burn 007-JP","Determined,Proud,Overcoming,Inner strength,Strong,strong willed"
"Preach Mutha-JP","Proud,Fashion,Flashy,Tough,Urban,Street"
"Comedy Drum Jam-JP","Comedy,Drums,Quirky,Laugh,stunt,Funny,Hilarious,30 Rock"
"Bones 006-JP","Moving,Emotional,Motivational,Feelings,Overcoming,Inner Turmoil"
"Stabzero Cash-JP","Proud,Fashion,Flashy,Tough,Urban,Street"
"Wild Western 001-JP","Proud,Fashion,Flashy,Tough,Urban,Street"
"LS Lightly Creep 001-JP","Trouble,Dangerous,plodding,Attack,heavy moment,Heavy Tension,Nervous,Anxious"
"LS Heavy Kill 001-JP","Trouble,Dangerous,plodding,Attack,heavy moment,Heavy Tension,Nervous,Anxious"
"LS Heavy IRL-JP","Trouble,Dangerous,plodding,Attack,heavy moment,Heavy Tension,Nervous,Anxious"
"LS Getcha-JP","Trouble,Dangerous,plodding,Attack,heavy moment,Heavy Tension,Nervous,Anxious"
"Beautiful Soft Christmas-JP","Bright,cheerful,Cheery,Christmas,Xmas,Holidays"
"Sentimental Soft Underscore-JP","Fairy Tale,Light,Sweet,magical,Surreal,Children,Kids"
"Drop Some Knowledge-JP","Sexy,hip hop underscore,geeking out,reality bed,laid back hip hop,classic vibes,quirky turnt,Ratchet,Trap"
"Ambient Chill Swing Full-JP","jazz,Relaxed,Cool,Lounge,Laid Back,reflective"
"Touchdown Interlude-JP","Laid Back,Beat,Chill,Confident,Positive,Proud,Triumphant"
"The Siren 001-JP","Laid Back,Smooth,Cool,Confident,Chill,Sexy,R&B"
"Serious Feat Nicholas Ryan Gant-JP","Chill,Sexy,Laid Back,Sleek,Sex,Romantic,Smooth"
"Ride Feat King Maddadan-JP","Love,Romantic,Caribbean,afro,AfroBeat,Sexy,Chill"
"Moon & Back Feat Steven J. Collins-JP","Chill,Sexy,Laid Back,Smooth,Love,Romantic,Romance"
"Like Him Feat CM3 & Eli Groves-JP","Trap,Beat,Cool,Confident,cocky,Dirty South,Atlanta,Chill,Laid Back"
"Hold it Down Feat Cruzer Santana-JP","Trap,Chill,Southern Hip Hop,Tough,Street,Ghetto"
"Get It Wanna Be-JP","Trap,Beat,Cool,Confident,cocky,Dirty South,Atlanta,NBA,Basketball"
"Game 003-JP","Trap,Beat,Cool,Confident,cocky,Dirty South,Atlanta,NBA,Basketball"
"Extra-JP","Trap,Beat,Cool,Confident,cocky,Dirty South,Atlanta"
"Birdz of a Feather-JP","Swagger,Strut,Ghetto,Urban,Trap,Southern Hip Hop"
"Bandz-JP","Swagger,Strut,Ghetto,Urban,Trap,Southern Hip Hop"
"Cash Issue-JP","Building,Upbeat,Positive,Swinging,Chill,Cool"
"Pensive Mind-JP","Thinking,Decisions,Regret,Contemplate,Serious,Dramatic,Mystery,Mysterious"
"Dark Bathroom-JP","Argument,Dispute,Heavy,Tough,Strut,Proud"
"The Internship-JP","Serious,Strut,Confident,Proud,cocky,driven"
"Timeline 003-JP","Thought,Searching,mindful,questions,Thinking,introspective,Pensive,Hip Hop"
"Trapped Spirit-JP","Strut,Light Tension,Strutting,Swagger,Serious,Driving"
"Glick be Creepin-JP","Sexy,hip hop underscore,geeking out,reality bed,laid back hip hop,classic vibes"
"Shes My Muse-JP","Upbeat,driven,Attitude,Swagger,American,Blues Rock"
"Running Out Of Road-JP","Gritty,Positive,Country,Upbeat,Proud,country flair"
"Bye Bye Man-JP","Impending Doom,dangerous situation,creepy monsters,Syfy,science fiction tension,unleash the beast,growing concern,creepy crawlies,tense moments"
"JPC-Falls With Swagger-JP","Playful,Silly,Goofy,Light Hearted,Funny Hip Hop,playful hip hop,comedic hip hop,Comedy,Funny"
"Voodoo Brunch V2-JP","Dark Dramatic,dark motives,criminal activities,Sinsister,Murderous,moving documentary,Resolution,montage soundtrack,deathly encounters"
"Blue Sheet Run-MG-JP","Upbeat,Groovy,Funky,Playful,reality bed,Light Hearted"
"A False Belief-JP","Random,Mood,Think,Lost,Pensive,Street,Urban"
"Negative Thoughts-JP","Dark,Negative,Harsh,Aggressive,Wonky,Sleek,ambstep"
"Dance With Us-JP","Dance,Club,Fun,Happy,Synth Pop,Young"
"Blockbuster-JP","Epic,Dramatic,Tense,Building,Challenge,Tension"
"Documentary Hip Hop-JP","Light Tension,Urban,Tense,Street,Hip Hop,Ghetto,Real Housewives"
"The Rivalry Continues-JP","Epic,Heroic,sweeping,Lord of the Rings,Victory,Victorious"
"Las Vegas Ocean-JP","Funky,Upbeat,Strut,Retro,Strutting,Swagger"
"Legendary Intro-JP","Epic,Battle,battling,Heavy,Tense,Intense"
"Built To Build-MG-JP","upbeat biker rock,Motorcycles,on the hunt,friendly bikers,friendly tough guys,Restoration,Fixer Upper,On the Prowl,Roadtrip,Fun in the Sun,upbeat rock"
"Crawling In My Skin-JP","Impending Doom,dangerous situation,creepy monsters,Syfy,science fiction tension,unleash the beast,growing concern,creepy crawlies,tense moments"
"Mohair-JP","Funny,Quirky,Latin Feel,Lounge,Light,Funky"
"Aw You Never Lie-JP","Funky,Street,Flashy,New York City,Funk,Retro"
"The Pride of Lions-JP","Science,interesting,interested,Curious,Inquiring,crime procedural"
"Light Mystery Action-JP","Mysterious,Mystery,Science,Criminal,Investigation,Crime,Crime Scene"
"Event Horizon 120 Synth-JP","Otherworldly,space,Planet Earth,Synths,Outer Space,Blue Planet,Epic,Monumental,Vast"
"American Suburbia-JP","Dramedy,Light,Plucked,brain games,child genius,Intriguing"
"Inspiring Journey-JP","Inspirational,Motivational,Moving,Feel Good,Heartfelt,Inspired"
"Garage Kings-JP","counting cars,Pawn Stars,Fuzz,Distorted Guitar,Tough,Proud,Sports Highlights"
"Ogre-JP","Building,Intense,Hard,Hardcore,Intensifying,Metal"
"Knees Up-JP","Funky,Jam,Funk,Retro,Spy,60s"
"Exotic Landscapes-JP","Relaxed,Sensual,Rain,Rainy,Sexy,new agey"
"Pandoras Box 001-JP","Creepy,Horror,Haunted,Mysterious,Halloween,Creeping"
"Followed 001-JP","Spooky,Halloween,Scary,goblins,Haunted,Haunted House"
"Sunset Strip 002-JP","Motorcycles,Motorcycle,Tough,Edgy,Leather,Ripped,Extreme"
"Diabolicus-JP","Evil,marching,War,changes mood,Battle,battling"
"Eternal Sunshine 001-JP","Acoustic Guitar,Natural,Organic,Uplifting,Nature,folk"
"Emptiness 001-JP","minimal,Soundtrack,Moving,Emotional,Serene"
"Downtown Rain-JP","Uplifting,Urban,minimal,Pop,hopeful,Happy"
"Dancing Leaves 001-JP","Acoustic Guitar,Natural,Organic,Uplifting,Laid Back,Nature"
"Butterflies 006-JP","Natural,wholesome,folk,Nature,Folksy,Relaxed"
"JPC-Freelance Escorts-JP","Top 40,2016 pop music,Celebratory,bright synths,Dancefloor,Late Nights,party atmosphere,Summer Anthem,sexy rhythms,Celebration"
"JPC-Hermit Crab-JP","Silly,Quirky,Goofy,Light Hearted,Playful,comedic bed,Carefree,Clumsy,Desperate Housewives"
"Still Standing 001-JP","Laid Back,Feel Good,Gentle,Light,Pop,folk feel"
"Walkin Blues-JP","Lazy,Country,Backwoods,Hick,Laid Back,Strolling,Drunk,Drinking,New Orleans"
"The Messenger-JP","Upbeat,Lively,jamaican,Jamaica,Dub,Reggae"
"Aloha 002-JP","Twee,Sweet,Juno,Light,Carefree,Gentle,uke,ukulele"
"Fluffy Clouds 001-JP","Funky,Chill,Chill Out,vibe,Cool,Hip"
"Uh Oh 008-JP","Trap,Dark,Thug,minimal,drugged,Ghetto"
"Snapz-JP","Trap,Gangster,Thug,Dark,Ghetto,Nervous"
"Poor Gang-JP","Sentimental,Thinking,Pensive,Street,Urban,Melancholy"
"A Sort of Plan-JP","Soul Music,Motown sound,soul track,breakup music,60s,Retro Soul,Slow Dance,high school prom,Flashback"
"JPC-Hella Haunted-JP","Creepy,Tense,down tempo tension,hip hop tension,murder beat,Crime Scene,dark and gritty,tense beat"
"JPC-Cant Catch Me-JP","Playful,Silly,Goofy,Light Hearted,Funny Hip Hop,playful hip hop,comedic hip hop,Comedy,Funny"
"JPC-Tough Guy Walks A Poodle-JP","Silly,Quirky,Goofy,Light Hearted,Playful,comedic bed,Carefree,Clumsy,Desperate Housewives"
"JPC-That Feelin-JP","Top 40,2016 pop music,Celebratory,bright synths,Dancefloor,Late Nights,party atmosphere,Summer Anthem,sexy rhythms"
"JPC-Touchy Touchy-JP","Light Tension,Negotiation,Hostage Situation,Debate,deal making,Nervous,Anxious,Trouble Brewing"
"Braincation-JP","tech house,gritty electro,Syfy,Science Fiction,Driving Electro,Down and Dirty"
"Vice Grip V3-JP","Dark,Gritty,dirty electro,distorted synths,Badass,focused pursuit,Syfy,Science Fiction,fashionable edm,Night Life,Catwalk,Fashion show"
"Qwestin Good Vibe Edit-JP","Chill,Laid Back,Smooth,Grooving,Groove,Relaxed,Hip Hop"
"Funk That You Want-JP","bouncy,Funky,Cool,Hot,Hip Hop,Modern,reflective"
"Awaken The Titan 60-JP","Tense,Epic,Intense,Challenge,Driving,Heroic,the night manager"
"Allegheny Homecoming-JP","warm,Everyday,Holiday,Laid Back,Family,Heartwarming,Cozy,Sweet"
"Really Love Bank-JP","night out on the town,4am,Late Night,Celebration,party night,party hour,drinks with friends,Fashion Week,fashion network,Project Runway,Tyra Banks,Catwalk,Sexy,Fashionable"
"Insert Dad Joke About Millenials-JP","pop edm,happy electronica,Fashion Week,Fashionable,Fashion show,Catwalk,super models,Project Runway,Glamorous,Dance Pop,cool night club,hot and sweaty pop,mainstage edm,ultra music,tomorrowland festival"
"Lemon Twist-JP","pop edm,happy electronica,Fashion Week,Fashionable,Fashion show,Catwalk,super models,Project Runway,Glamorous,Dance Pop,cool night club,hot and sweaty pop,mainstage edm,ultra music,tomorrowland festival"
"Mindtrip-JP","epic trap,trap edm,HYPHY,turnt up,Adrenaline,powerful electronica,Electronic Hip Hop,Sub bass,Ominous,Gritty,edm trap music,Build Up,rise and drop,epic pop electronica"
"Flawed Data-JP","Nervous,Worried,Anxious,Light Tension,gone wrong,dangerous display,Tense Moment,High Stakes,Trouble"
"Earth Gazing-JP","Epic,lords of the rings,tolkien,Classical,Film Soundtrack,Melancholic"
"Dark Knight 001-JP","Tension,The Dark Knight,Christopher Nolan,Suspense,Trailer,Classical,Film Soundtrack,Aggressive"
"Adrenaline 005-JP","Tension,Trailer,The Dark Knight,Action,Christopher Nolan,Classical,Film Soundtrack,Aggressive"
"Supernova Underscore-JP","Trailer,Crescendo,Electronic,Classical,Film Soundtrack,Aggressive"
"Supernova 009-JP","Trailer,Crescendo,Epic,Classical,Film Soundtrack,Aggressive"
"Physical Grace-JP","Suspense,Sci Fi,file x files,Electronica,Ambient,Dramatic"
"Making it Happen 003-JP","Electronica,New Age,relaxante,Electronic,Ambient,reflective"
"Global Threat-JP","Trailer,Action,Batman,Electronica,Trance,Aggressive"
"Ether 002-JP","emocional,Suspense,Trailer,Classical,Film Soundtrack,Sentimental"
"Riff McTiff-JP","Building,Bluesy,Swing Dance,Jazz Club,Lazy,Laid Back"
"JPC-Lighten Up Dude-JP","Light Tension,Negotiation,Hostage Situation,Debate,deal making,Nervous,Anxious,Trouble Brewing"
"When It All Falls Down-JP","NYC,East Coast,90s,Hip Hop,Urban,Street,Soulful,Smooth"
"Still Here 002-JP","pop edm,happy electronica,Fashion Week,Fashionable,Fashion show,Catwalk,super models,Project Runway,Glamorous,Dance Pop,cool night club,hot and sweaty pop,mainstage edm,ultra music,tomorrowland festival"
"O Agora-JP","Avatar,Meditation,Yoga,World,Indian,Ambient"
"Expirando a Dor-JP","relaxante,Dream,MPB,Latin,Brazilian,Sentimental"
"Alem da Mente Pensante-JP","Mistico,relaxante,Love,World,India,Ambient"
"Aceita e Entrega-JP","Tibet,Mistico,Avatar,World,Ambient,Slow"
"A Natureza-JP","Tibet,Avatar,espiritual,World,Indian,Ambient"
"A Morte e o Eterno-JP","Meditation,Yoga,Relax,World,Indian,Ambient"
"Quem Voce Realmente E-JP","Spiritual,musica indiana,Meditation,World,Indian,Ambient"
"Os Relacionamentos-JP","espiritual,relaxante,Meditation,World,Indian,Ambient"
"O Silencio Inspirador-JP","Meditation,Yoga,Spiritual,World,India,Ambient"
"O Eu Real-JP","instrospective,Tibet,China,Ambient,Slow,World"
"Bossa In Blue-JP","Bossa Nova,Laid Back,reflective,Lounge,Latin,Latin Jazz"
"Soft Shoe Swing-JP","Laid Back,Chill,Light,Jazzy,jazz,Jazz Club"
"Waiting Time-JP","reflective,Worried,worrying,Dramatic,Drama,TV,Medical"
"Proceed With Caution 002-JP","Anxious,Nervous,Waiting,Edgy,Drama,Grey's Anatomy,Mystery,Law and Order"
"Open To Change-JP","reflective,Bittersweet,Emotional,Dramatic,Drama,80s"
"Life In Limbo-JP","reflective,Bittersweet,Emotional,Dramatic,Drama,80s"
"Ivory Tower-JP","reflective,Bittersweet,Emotional,Dramatic,Drama,80s"
"Invisible Borders-JP","reflective,Bittersweet,Emotional,Dramatic,Drama,80s"
"Hidden Danger-JP","reflective,Light Tension,1980s,Gentle,Percussion,80s"
"Hazy Days-JP","reflective,Bittersweet,Emotional,Dramatic,Drama,80s"
"Floating On Air-JP","reflective,Bittersweet,Emotional,Dramatic,Drama,80s,atmospheric,Dreamy"
"Face the Future-JP","reflective,hopeful,Relaxed,Dramatic,Drama,80s,1980s,Cheesy"
"Cosmic Isolation-JP","reflective,Bittersweet,Emotional,Dramatic,Drama,80s"
"Come What May 001-JP","reflective,Bittersweet,Emotional,Dramatic,Drama,80s"
"Chances Are Good-JP","reflective,Bittersweet,Emotional,Dramatic,Drama,80s,hopeful"
"Cautiously Optimistic-JP","reflective,Bittersweet,Emotional,Dramatic,Drama,80s"
"Broken Dreams 002-JP","reflective,Bittersweet,Emotional,Dramatic,Drama,80s"
"Bound and Determined-JP","reflective,Bittersweet,Emotional,Dramatic,Drama,80s"
"Another Time 005-JP","reflective,Bittersweet,Emotional,Dramatic,Drama,80s"
"Absolutely Positively-JP","reflective,Bittersweet,Emotional,Dramatic,Drama,80s,1980s,Pretty in Pink,ferris bueller"
"Absent Farewells-JP","reflective,Bittersweet,Emotional,Dramatic,Drama,80s"
"A Date With Destiny-JP","reflective,Bittersweet,Emotional,Dramatic,Drama,80s"
"Trapped Mind Full Mix-JP","Energetic,Driving,Electronic,Futuristic,Thoughtful,Thinking"
"Latin Lounging-JP","Laid Back,Sensual,Latin,Lounge,Sleepy,Dreamy"
"Change My Seat-JP","Quirky,Stealth,Sly,Sneaky,Spy,Gossip,Quirky Tension,dramedy soundtrack,Goofy,Silly"
"Ghost Party-JP","epic trap,trap edm,HYPHY,turnt up,Adrenaline,powerful electronica,Electronic Hip Hop,Sub bass,Ominous,Gritty,edm trap music,Build Up,rise and drop,epic pop electronica"
"Season Opening Shutout V2-JP","Dark,Gritty,dirty electro,distorted synths,Badass,focused pursuit,Syfy,Science Fiction,fashionable edm,Night Life,Catwalk,Fashion show"
"Whats Going On 002-JP","Nervous,Worried,Anxious,Light Tension,gone wrong,dangerous display,High Stakes,Stressful"
"JPC-Lifeguard Fantasy League V2-JP","Top 40,2016 pop music,Celebratory,bright synths,Dancefloor,Late Nights,party atmosphere,Summer Anthem,sexy rhythms"
"JPC-Kinda Sorta-JP","Top 40,2016 pop music,Celebratory,bright synths,Dancefloor,Late Nights,party atmosphere,Summer Anthem,sexy rhythms"
"Raise Your Hands-JP","High Energy,Upbeat,Retro,80s,1980s,Hot"
"Magma Beat-JP","Dramatic,circus tension,big tent event,building momentum,Anxious,High Stakes"
"Back Porch Jive-JP","Proud,Relaxed,American,Porch,swampy,Southern"
"Push On Up-JP","Soul Music,Motown sound,soul track,breakup music,60s,Retro Soul,Slow Dance,high school prom,Flashback"
"Fear of Missing Celebrity V2-JP","Quirky,Stealth,Sly,Sneaky,Spy,Gossip,Quirky Tension,dramedy soundtrack,Goofy,Silly"
"TBT Caturday V2-JP","epic trap,trap edm,HYPHY,turnt up,Adrenaline,powerful electronica,Electronic Hip Hop,Sub bass,Ominous,Gritty,edm trap music,Build Up,rise and drop,epic pop electronica"
"Urban Surfing-JP","Funky,Funk,Jam,Jammy,Retro,Throwback,Game Show,The Price is Right"
"Against The Clock 002-JP","Intense,Against the clock,Running Out of Time,Serious,On a Mission,Determined"
"The Ecstasy of Shopping-JP","Light,Playful,Silly,Funny,Sneaky,Plotting"
"Sleep Well-JP","Sleeping,Sleep,Dream,Dreaming,Dreamy,Ethereal"
"On The Battlefield 001-JP","Tense,Intense,Epic,Battle,battling,War"
"Hackerz-JP","night out on the town,4am,Late Night,Celebration,party night,party hour,drinks with friends,Fashion Week,fashion network,Project Runway,Tyra Banks,Catwalk,Sexy,Fashionable"
"Broji Instr-JP","Easy Listening,sexy vibes,Downtempo,relaxed and comfortable,new experiences,Optimistic,hopeful,Inspiring"
"Niterider Instr-JP","Easy Listening,sexy vibes,Downtempo,relaxed and comfortable,new experiences,Optimistic,Sneaky,Playful,Plucky"
"One-instr-JP","Easy Listening,sexy vibes,Downtempo,relaxed and comfortable,new experiences,Optimistic,hopeful,Inspiring,Love,Devotion,Wedding,Marriage,Romantic Period Film,Pride and Prejudice"
"Into You Instr-JP","Easy Listening,sexy vibes,Downtempo,relaxed and comfortable,new experiences,Optimistic,hopeful,Inspiring,downtempo edm"
"Road To Victory Instr-JP","Easy Listening,sexy vibes,Downtempo,relaxed and comfortable,new experiences,Optimistic,hopeful,Inspiring"
"On A Cloud-instr-JP","Easy Listening,sexy vibes,Downtempo,relaxed and comfortable,new experiences,Optimistic,hopeful,Inspiring"
"Throbbing Darkness-JP","Industrial,Dark,Heavy,percussive,Percussion,Tense"
"JPC-Bottle Service Time-JP","Top 40,2016 pop music,Celebratory,bright synths,Dancefloor,Late Nights,party atmosphere,Summer Anthem,sexy rhythms"
"Aerial Assault-JP","Car Commercial,American,Classic Rock,80s,Rock n Roll,Determined"
"The Love of my Life-JP","reflective,Sentimental,Sweet,warm,Relaxed,Reflecting,Nostalgic"
"Caribbean Party-JP","Gentle,Beach,Breezy,Laid Back,BRAZIL,Brazilian"
"Unless You Fall-instr-JP","atmospheric,Optimistic,Uplifting,Serene,Laid Back,Content"
"One Eyed Jack-instr-JP","Mellow,island vibe,Relaxing,Happy,Chill,Vacation"
"Ancient Times-JP","Heartbroken,Dramatic,Emotional,Overcoming,Heartstrings"
"Island Life-instr 001-JP","Relaxing,Peaceful,Tranquil,island vibe,Laid Back,Gentle"
"Happy and Jazzy-JP","Jazzy,jazz,Lounge,Carefree,Laid Back,Relaxed"
"Fun In The Sun-instr 001-JP","Upbeat,Positive,Uplifting,Energetic,Laid Back,Jazzy"
"Cruisin The Coastline-instr-JP","Upbeat,Smooth,Retro,Uplifting,Laid Back,Jazzy"
"Cool Party-JP","Jazzy,Jazz Club,Relaxed,Retro,70s,jazz,Chill,Laid Back,Woody Allen"
"Elegant Jazzy Night-JP","Relaxed,Jazzy,Loungy,Lounge,jazz,Trio"
"Jumping with the bear-JP","Light,Carefree,Kids,Children,Walking,Strolling"
"Searching 007-JP","Pensive,introspective,Dramatic,Moving,Thinking,moody"
